title,author,occurrenceCount,statesCount,districtsCount,topBanStatus,matchedSlug,matchType,status,existingCompleteness,notes
Flamer,"Curato, Mike",15,8,15,Banned in Libraries,,missing,missing,,
Gender Queer: A Memoir,"Kobabe, Maia",15,10,15,Banned Pending Investigation,,missing,missing,,
Tricks,"Hopkins, Ellen",13,7,13,Banned Pending Investigation,,missing,missing,,
Crank,"Hopkins, Ellen",12,5,12,Banned in Libraries and Classrooms,,missing,missing,,
The Handmaid's Tale: The Graphic Novel,"Atwood, Margaret",12,4,12,Banned in Libraries and Classrooms,,missing,missing,,
A Court of Mist and Fury,"Maas, Sarah J.",11,5,11,Banned in Libraries and Classrooms,,missing,missing,,
Push,Sapphire,11,4,11,Banned in Libraries and Classrooms,push,title_author,exists_incomplete,incomplete_affiliate,Matched by normalized title/author to push
Sold,"McCormick, Patricia",11,6,11,Banned Pending Investigation,,missing,missing,,
Milk and Honey,"Kaur, Rupi",10,5,10,Banned Pending Investigation,,missing,missing,,
The Bluest Eye,"Morrison, Toni",10,6,10,Banned Pending Investigation,,missing,missing,,
This Book Is Gay,"Dawson, Juno",10,7,10,Banned in Libraries and Classrooms,,missing,missing,,
A Court of Frost and Starlight,"Maas, Sarah J.",9,5,9,Banned in Libraries and Classrooms,,missing,missing,,
A Court of Thorns and Roses,"Maas, Sarah J.",9,5,9,Banned in Libraries and Classrooms,,missing,missing,,
A Court of Wings and Ruin,"Maas, Sarah J.",9,5,9,Banned in Libraries and Classrooms,,missing,missing,,
All Boys Aren't Blue,"Johnson, George M.",9,5,9,Banned Pending Investigation,,missing,missing,,
The Perks of Being a Wallflower,"Chbosky, Stephen",9,7,9,Banned in Libraries and Classrooms,,missing,missing,,
What Girls Are Made Of,"Arnold, Elana K.",9,4,9,Banned Pending Investigation,,missing,missing,,
Red Hood,"Arnold, Elana K.",8,5,8,Banned in Libraries and Classrooms,,missing,missing,,
The Haters,"Andrews, Jesse",8,4,8,Banned Pending Investigation,,missing,missing,,
The Sun and Her Flowers,"Kaur, Rupi",8,2,8,Banned in Libraries,,missing,missing,,
Thirteen Reasons Why,"Asher, Jay",8,5,8,Banned Pending Investigation,,missing,missing,,
Breathless,"Niven, Jennifer",7,3,7,Banned in Libraries and Classrooms,,missing,missing,,
Damsel,"Arnold, Elana K.",7,5,7,Banned Pending Investigation,,missing,missing,,
Eleanor & Park,"Rowell, Rainbow",7,6,7,Banned Pending Investigation,,missing,missing,,
Empire of Storms,"Maas, Sarah J.",7,5,7,Banned Pending Investigation,,missing,missing,,
Fallout,"Hopkins, Ellen",7,5,7,Banned in Libraries and Classrooms,,missing,missing,,
Identical,"Hopkins, Ellen",7,5,7,Banned Pending Investigation,,missing,missing,,
Impulse,"Hopkins, Ellen",7,5,7,Banned Pending Investigation,,missing,missing,,
Looking for Alaska,"Green, John",7,5,7,Banned in Libraries and Classrooms,,missing,missing,,
Melissa (George),"Gino, Alex",7,4,7,Banned Pending Investigation,,missing,missing,,
Nineteen Minutes,"Picoult, Jodi",7,5,7,Banned Pending Investigation,,missing,missing,,
Out of Darkness,"Pérez, Ashley Hope",7,4,7,Banned in Libraries and Classrooms,,missing,missing,,
The Carnival at Bray,"Foley, Jessie Ann",7,4,7,Banned in Libraries and Classrooms,,missing,missing,,
The Hate U Give,"Thomas, Angie",7,4,7,Banned Pending Investigation,,missing,missing,,
Tilt,"Hopkins, Ellen",7,4,7,Banned in Libraries and Classrooms,,missing,missing,,
Forever...,"Blume, Judy",6,4,6,Banned Pending Investigation,,missing,missing,,
Lawn Boy,"Evison, Jonathan",6,4,6,Banned Pending Investigation,,missing,missing,,
Lucky,"Sebold, Alice",6,3,6,Banned Pending Investigation,,missing,missing,,
Me and Earl and the Dying Girl,"Andrews, Jesse",6,3,6,Banned Pending Investigation,,missing,missing,,
Monday's Not Coming,"Jackson, Tiffany D.",6,3,6,Banned Pending Investigation,,missing,missing,,
Oryx and Crake,"Atwood, Margaret",6,5,6,Banned in Libraries and Classrooms,,missing,missing,,
Scars,"Rainfield, Cheryl",6,4,6,Banned Pending Investigation,,missing,missing,,
Shine,"Myracle, Lauren",6,4,6,Banned in Libraries and Classrooms,,missing,missing,,
The Handmaid's Tale,"Atwood, Margaret",6,4,6,Banned in Libraries and Classrooms,,missing,missing,,
The Nowhere Girls,"Reed, Amy",6,3,6,Banned Pending Investigation,,missing,missing,,
The Upside of Unrequited,"Albertalli, Becky",6,4,6,Banned Pending Investigation,,missing,missing,,
This One Summer,"Tamaki, Mariko",6,5,6,Banned Pending Investigation,,missing,missing,,
Watchmen,"Moore, Alan",6,1,6,Banned in Libraries,,missing,missing,,
A ​Court of Silver Flames,"Maas, Sarah J.",5,3,5,Banned in Libraries and Classrooms,,missing,missing,,
Home After Dark,"Small, David",5,1,5,Banned in Libraries,,missing,missing,,
Last Night at the Telegraph Club,"Lo, Malinda",5,3,5,Banned in Libraries and Classrooms,,missing,missing,,
Neanderthal Opens the Door to the Universe,"Norton, Preston",5,3,5,Banned Pending Investigation,,missing,missing,,
People Kill People,"Hopkins, Ellen",5,3,5,Banned in Libraries and Classrooms,,missing,missing,,
"Red, White, and Royal Blue","McQuiston, Casey",5,5,5,Banned in Libraries and Classrooms,,missing,missing,,
The Absolutely True Diary of a Part-Time Indian,"Alexie, Sherman",5,3,5,Banned Pending Investigation,,missing,missing,,
The Kite Runner,"Hosseini, Khaled",5,3,5,Banned Pending Investigation,,missing,missing,,
The Truth About Alice: A Novel,"Mathieu, Jennifer",5,4,5,Banned Pending Investigation,,missing,missing,,
Allegedly,"Jackson, Tiffany D.",4,3,4,Banned Pending Investigation,,missing,missing,,
Almost Perfect,"Katcher, Brian",4,4,4,Banned Pending Investigation,,missing,missing,,
And Tango Makes Three,"Richardson, Justin",4,2,4,Banned Pending Investigation,,missing,missing,,
"Be Gay, Do Comics: Queer History, Memoir, and Satire",The Nib,4,1,4,Banned in Libraries,be-gay-do-comics-queer-history-memoir-and-satire,title_author,exists_incomplete,incomplete_content,Matched by normalized title/author to be-gay-do-comics-queer-history-memoir-and-satire
Boy Toy,"Lyga, Barry",4,3,4,Banned Pending Investigation,,missing,missing,,
Burned (EH),"Hopkins, Ellen",4,3,4,Banned Pending Investigation,,missing,missing,,
Clockwork Princess,"Clare, Cassandra",4,3,4,Banned in Libraries,,missing,missing,,
Drama: A Graphic Novel,"Telgemeier, Raina",4,3,4,Banned Pending Investigation,,missing,missing,,
Extremely Loud & Incredibly Close,"Foer, Jonathan Safran",4,3,4,Banned Pending Investigation,,missing,missing,,
Fade,"McMann, Lisa",4,3,4,Banned Pending Investigation,,missing,missing,,
Grown,"Jackson, Tiffany D.",4,3,4,Banned Pending Investigation,,missing,missing,,
I am Jazz,"Jennings, Jazz",4,2,4,Banned in Libraries,,missing,missing,,
I Am Not Your Perfect Mexican Daughter,"Sánchez, Erika L.",4,4,4,Banned Pending Investigation,,missing,missing,,
I Never,"Hopper, Laura",4,3,4,Banned Pending Investigation,,missing,missing,,
I'll Give You the Sun,"Nelson, Jandy",4,3,4,Banned Pending Investigation,,missing,missing,,
Killing Mr. Griffin,"Duncan, Lois",4,2,4,Banned Pending Investigation,,missing,missing,,
Kingdom of Ash,"Maas, Sarah J.",4,4,4,Banned Pending Investigation,,missing,missing,,
Laura Dean Keeps Breaking Up with Me,"Tamaki, Mariko",4,3,4,Banned Pending Investigation,,missing,missing,,
"Let's Talk About It: The Teen's Guide to Sex, Relationships, and Being a Human (A Graphic Novel)","Moen, Erika",4,3,4,Banned in Libraries and Classrooms,,missing,missing,,
Living Dead Girl,"Scott, Elizabeth",4,4,4,Banned Pending Investigation,,missing,missing,,
More Happy Than Not,"Silvera, Adam",4,4,4,Banned Pending Investigation,,missing,missing,,
Perfect,"Hopkins, Ellen",4,4,4,Banned in Libraries and Classrooms,,missing,missing,,
Ramona Blue,"Murphy, Julie",4,3,4,Banned Pending Investigation,,missing,missing,,
Slaughterhouse-Five,"Vonnegut Jr., Kurt",4,4,4,Banned Pending Investigation,,missing,missing,,
Smoke,"Hopkins, Ellen",4,3,4,Banned Pending Investigation,,missing,missing,,
The Art of Racing in the Rain,"Stein, Garth",4,3,4,Banned in Libraries and Classrooms,,missing,missing,,
The Black Flamingo,"Atta, Dean",4,3,4,Banned Pending Investigation,,missing,missing,,
The Infinite Moment of Us,"Myracle, Lauren",4,4,4,Banned Pending Investigation,,missing,missing,,
The Lovely Bones,"Sebold, Alice",4,4,4,Banned Pending Investigation,,missing,missing,,
The You I've Never Known,"Hopkins, Ellen",4,3,4,Banned in Libraries and Classrooms,,missing,missing,,
Triangles,"Hopkins, Ellen",4,2,4,Banned in Libraries and Classrooms,,missing,missing,,
Water for Elephants,"Gruen, Sara",4,3,4,Banned Pending Investigation,,missing,missing,,
We Are the Ants,"Hutchinson, Shaun David",4,3,4,Banned Pending Investigation,,missing,missing,,
When Aidan Became a Brother,"Lukoff, Kyle",4,2,4,Banned in Libraries,,missing,missing,,
Yolk,"Choi, Mary H.K.",4,3,4,Banned in Libraries and Classrooms,,missing,missing,,
All the Things We Do in the Dark,"Mitchell, Saundra",3,3,3,Banned Pending Investigation,,missing,missing,,
"Angus, Thongs and Full-Frontal Snogging","Rennison, Louise",3,2,3,Banned Pending Investigation,,missing,missing,,
Beautiful,"Reed, Amy",3,3,3,Banned Pending Investigation,,missing,missing,,
Beloved,"Morrison, Toni",3,2,3,Banned Pending Investigation,,missing,missing,,
Beyond Magenta: Transgender Teens Speak Out,"Kuklin, Susan",3,3,3,Banned Pending Investigation,,missing,missing,,
Dear Martin,"Stone, Nic",3,3,3,Banned in Libraries,,missing,missing,,
Deogratias: A Tale of Rwanda,"Stassen, Jean-Philippe",3,2,3,Banned Pending Investigation,,missing,missing,,
Dreaming in Cuban,"García, Cristina",3,2,3,Banned Pending Investigation,,missing,missing,,
Foul is Fair,"Capin, Hannah",3,2,3,Banned Pending Investigation,,missing,missing,,
"Gabi, a Girl in Pieces","Quintero, Isabel",3,3,3,Banned Pending Investigation,,missing,missing,,
Glass,"Hopkins, Ellen",3,3,3,Banned in Libraries and Classrooms,,missing,missing,,
Half of a Yellow Sun,"Adichie, Chimamanda Ngozi",3,3,3,Banned in Libraries and Classrooms,,missing,missing,,
"It's Perfectly Normal: Changing Bodies, Growing Up, Sex, and Sexual Health","Harris, Robie H.",3,3,3,Banned Pending Investigation,,missing,missing,,
Kiss Number 8,"Venable, Colleen A. F.",3,2,3,Banned Pending Investigation,,missing,missing,,
"l8r, g8r","Myracle, Lauren",3,1,3,Banned Pending Investigation,,missing,missing,,
Lighter Than My Shadow,"Green, Katie",3,1,3,Banned in Libraries,,missing,missing,,
Lily and Dunkin,"Gephart, Donna",3,2,3,Banned in Libraries,,missing,missing,,
Ready or Not,"Cabot, Meg",3,1,3,Banned in Libraries and Classrooms,,missing,missing,,
Rumble,"Hopkins, Ellen",3,2,3,Banned Pending Investigation,,missing,missing,,
Simon vs. the Homo Sapiens Agenda,"Albertalli, Becky",3,3,3,Banned Pending Investigation,,missing,missing,,
"Stamped: Racism, Antiracism, and You","Reynolds, Jason",3,1,3,Banned in Libraries and Classrooms,,missing,missing,,
The 57 Bus: A True Story of Two Teenagers and the Crime That Changed Their Lives,"Slater, Dashka",3,2,3,Banned Pending Investigation,,missing,missing,,
The Breakaways,"Johnson, Cathy G.",3,2,3,Banned Pending Investigation,,missing,missing,,
The Freedom Writers Diary,"Gruwell, Erin",3,3,3,Banned Pending Investigation,,missing,missing,,
The Poet X,"Acevedo, Elizabeth",3,3,3,Banned Pending Investigation,,missing,missing,,
The Prince and the Dressmaker,"Wang, Jen",3,1,3,Banned Pending Investigation,,missing,missing,,
ttyl,"Myracle, Lauren",3,2,3,Banned Pending Investigation,,missing,missing,,
Twisted,"Anderson, Laurie Halse",3,3,3,Banned Pending Investigation,,missing,missing,,
Two Boys Kissing,"Levithan, David",3,3,3,Banned Pending Investigation,,missing,missing,,
Unravel Me,"Mafi, Tahereh",3,2,3,Banned Pending Investigation,,missing,missing,,
Zahra's Paradise,Amir,3,1,3,Banned in Libraries,zahras-paradise,title_author,exists_incomplete,incomplete_content,Matched by normalized title/author to zahras-paradise
A Day in the Life of Marlon Bundo,"Twiss, Jill",2,1,2,Banned in Libraries and Classrooms,,missing,missing,,
Acceptance,"VanderMeer, Jeff",2,2,2,Banned Pending Investigation,,missing,missing,,
All the Bright Places,"Niven, Jennifer",2,2,2,Banned Pending Investigation,,missing,missing,,
Anne Frank's Diary: The Graphic Adaptation,"Folman, Ari",2,2,2,Banned Pending Investigation,,missing,missing,,
Aristotle and Dante Discover the Secrets of the Universe,"Sáenz, Benjamin Alire",2,2,2,Banned in Libraries and Classrooms,,missing,missing,,
Ask the Passengers,"King, A. S.",2,2,2,Banned Pending Investigation,,missing,missing,,
Assassination Classroom,"Matsui, Yūsei",2,2,2,Banned Pending Investigation,,missing,missing,,
Being Jazz: My Life as a (Transgender) Teen,"Jennings, Jazz",2,2,2,Banned Pending Investigation,,missing,missing,,
Boy Girl Boy,"Koertge, Ron",2,2,2,Banned Pending Investigation,,missing,missing,,
City of Heavenly Fire,"Clare, Cassandra",2,2,2,Banned Pending Investigation,,missing,missing,,
Collateral,"Hopkins, Ellen",2,2,2,Banned in Libraries and Classrooms,,missing,missing,,
Dead Until Dark,"Harris, Charlaine",2,1,2,Banned Pending Investigation,,missing,missing,,
Dime,"Frank, E. R.",2,2,2,Banned Pending Investigation,,missing,missing,,
Doing It!: Let's Talk About Sex,"Witton, Hannah",2,2,2,Banned Pending Investigation,,missing,missing,,
Felix Ever After,"Callender, Kacen",2,2,2,Banned in Libraries and Classrooms,,missing,missing,,
Fly on the Wall: How One Girl Saw Everything,"Lockhart, E.",2,2,2,Banned Pending Investigation,,missing,missing,,
Forever for a Year,"Gottfred, B. T.",2,2,2,Banned Pending Investigation,,missing,missing,,
Fun Home: A Family Tragicomic,"Bechdel, Alison",2,2,2,Banned in Libraries and Classrooms,,missing,missing,,
Go Ask Alice,"Sparks, Beatrice",2,2,2,Banned Pending Investigation,,missing,missing,,
Grit,"French, Gillian",2,2,2,Banned Pending Investigation,,missing,missing,,
grl2grl,"Peters, Julie Anne",2,2,2,Banned Pending Investigation,,missing,missing,,
Heroine,"McGinnis, Mindy",2,2,2,Banned Pending Investigation,,missing,missing,,
Himawari House,"Becker, Harmony",2,1,2,Banned in Libraries and Classrooms,,missing,missing,,
House of Earth and Blood,"Maas, Sarah J.",2,1,2,Banned Pending Investigation,,missing,missing,,
It Ends With Us,"Hoover, Colleen",2,2,2,Banned Pending Investigation,,missing,missing,,
It Feels Good To Be Yourself: A Book About Gender Identity,"Thorn, Theresa",2,1,2,Banned in Libraries,,missing,missing,,
Jesus Land: A Memoir,"Scheeres, Julia",2,2,2,Banned Pending Investigation,,missing,missing,,
Juliet Takes a Breath,"Rivera, Gabby",2,2,2,Banned in Libraries and Classrooms,,missing,missing,,
Julián Is a Mermaid,"Love, Jessica",2,2,2,Banned in Libraries and Classrooms,,missing,missing,,
Last Man: The Royal Cup,"Vivès, Bastien",2,1,2,Banned in Libraries,,missing,missing,,
Leah on the Offbeat,"Albertalli, Becky",2,2,2,Banned Pending Investigation,,missing,missing,,
Light It Up,"Magoon, Kekla",2,1,2,Banned Pending Investigation,,missing,missing,,
My Friend Dahmer,"Backderf, Derf",2,2,2,Banned Pending Investigation,,missing,missing,,
Not That Bad: Dispatches from Rape Culture,"Gay, Roxane",2,2,2,Banned in Libraries and Classrooms,,missing,missing,,
"Queer, There and Everywhere: 23 People Who Changed the World","Prager, Sarah",2,2,2,Banned Pending Investigation,,missing,missing,,
Queer: The Ultimate LGBTQ Guide for Teens,"Belge, Kathy",2,2,2,Banned in Libraries and Classrooms,,missing,missing,,
Race and Policing in Modern America,"Harris, Duchess",2,1,2,Banned Pending Investigation,,missing,missing,,
"Real Live Boyfriends: Yes. Boyfriends, Plural. If My Life Weren't Complicated, I Wouldn't Be Ruby Oliver","Lockhart, E.",2,2,2,Banned Pending Investigation,,missing,missing,,
"Shirley Jackson's ""The Lottery"": The Authorized Graphic Adaptation","Hyman, Miles",2,2,2,Banned Pending Investigation,,missing,missing,,
Skin,"Vrettos, Adrienne Maria",2,2,2,Banned Pending Investigation,,missing,missing,,
Sloppy Firsts,"McCafferty, Megan",2,2,2,Banned Pending Investigation,,missing,missing,,
Speak,"Anderson, Laurie Halse",2,2,2,Banned Pending Investigation,,missing,missing,,
Stamped from the Beginning: The Definitive History of Racist Ideas in America,"Kendi, Ibram X.",2,2,2,Banned Pending Investigation,,missing,missing,,
The Complete Maus: A Survivor's Tale,"Spiegelman, Art",2,1,2,Banned in Libraries and Classrooms,,missing,missing,,
The Daughters of Ys,"Anderson, M.T.",2,1,2,Banned in Libraries and Classrooms,,missing,missing,,
The DUFF: Designated Ugly Fat Friend,"Keplinger, Kody",2,2,2,Banned Pending Investigation,,missing,missing,,
The Female of the Species,"McGinnis, Mindy",2,2,2,Banned Pending Investigation,,missing,missing,,
The House on Mango Street,"Cisneros, Sandra",2,2,2,Banned in Libraries,,missing,missing,,
The Sacrifice of Darkness,"Gay, Roxane",2,1,2,Banned in Libraries and Classrooms,,missing,missing,,
They Both Die at the End,"Silvera, Adam",2,1,2,Banned in Libraries,,missing,missing,,
Tower of Dawn,"Maas, Sarah J.",2,2,2,Banned Pending Investigation,,missing,missing,,
Traffick,"Hopkins, Ellen",2,2,2,Banned in Libraries and Classrooms,,missing,missing,,
Uncomfortable Conversations with a Black Boy,"Acho, Emmanuel",2,1,2,Banned in Libraries,,missing,missing,,
Where I End and You Begin,"Norton, Preston",2,2,2,Banned Pending Investigation,,missing,missing,,
Why Comics?: From Underground to Everywhere,"Chute, Hillary L.",2,1,2,Banned in Libraries and Classrooms,,missing,missing,,
Wicked: The Life and Times of the Wicked Witch of the West,"Maguire, Gregory",2,2,2,Banned Pending Investigation,,missing,missing,,
#Hockey,"Ukazu, Ngozi",1,1,1,Banned in Libraries and Classrooms,,missing,missing,,
"10,000 Dresses","Ewert, Marcus",1,1,1,Banned in Libraries,,missing,missing,,
"1001 Comics You Must Read Before You Die: The Ultimate Guide to Comic Books, Graphic Novels, and Manga","Gravett, Paul",1,1,1,Banned Pending Investigation,,missing,missing,,
1984: The Graphic Novel,"Orwell, George",1,1,1,Banned in Libraries and Classrooms,,missing,missing,,
"20,000 Leagues Under the Sea (Graphic Novel)","Verne, Jules",1,1,1,Banned in Libraries,,missing,missing,,
47,"Mosley, Walter",1,1,1,Banned Pending Investigation,,missing,missing,,
50 Artists You Should Know,"Köster, Thomas",1,1,1,Banned Pending Investigation,,missing,missing,,
50 Paintings You Should Know,"Lowis, Kristina",1,1,1,Banned Pending Investigation,,missing,missing,,
50 Sculptures You Should Know,"Kühl, Isabel",1,1,1,Banned Pending Investigation,,missing,missing,,
50 Women Artists You Should Know,"Weidemann, Christiane",1,1,1,Banned Pending Investigation,,missing,missing,,
A + E 4ever,"Merey, I.",1,1,1,Banned in Libraries and Classrooms,,missing,missing,,
A Baby Doesn't Make the Man: Alternative Sources of Power and Manhood for Young Men,"Jamiolkowski, Raymond",1,1,1,Banned Pending Investigation,,missing,missing,,
A Bad Boy Can Be Good for a Girl,"Stone, Tanya Lee",1,1,1,Banned in Libraries and Classrooms,,missing,missing,,
A Brief History of Manga,"McCarthy, Helen",1,1,1,Banned Pending Investigation,,missing,missing,,
A Clash of Kings,"Martin, George R.R.",1,1,1,Banned in Libraries and Classrooms,,missing,missing,,
A Dance with Dragons,"Martin, George R.R.",1,1,1,Banned in Libraries and Classrooms,,missing,missing,,
A Feast for Crows,"Martin, George R.R.",1,1,1,Banned in Libraries and Classrooms,,missing,missing,,
A Game of Thrones,"Martin, George R.R.",1,1,1,Banned in Libraries and Classrooms,,missing,missing,,
"A Game of Thrones: The Graphic Novel, Vol. 1","Martin, George R.R.",1,1,1,Banned in Libraries,,missing,missing,,
"A Game of Thrones: The Graphic Novel, Vol. 2","Martin, George R.R.",1,1,1,Banned in Libraries,,missing,missing,,
"A Game of Thrones: The Graphic Novel, Vol. 3","Martin, George R.R.",1,1,1,Banned in Libraries,,missing,missing,,
"A Game of Thrones: The Graphic Novel, Vol. 4","Martin, George R.R.",1,1,1,Banned in Libraries,,missing,missing,,
A Gift for a Ghost,"González, Borja",1,1,1,Banned Pending Investigation,,missing,missing,,
A Good Kind of Trouble,"Ramée, Lisa Moore",1,1,1,Banned Pending Investigation,,missing,missing,,
A History of Art,"Perdew, Laura",1,1,1,Banned Pending Investigation,,missing,missing,,
A Lesson in Vengeance,"Lee, Victoria",1,1,1,Banned Pending Investigation,,missing,missing,,
A Map to the Sun,"Leong, Sloane",1,1,1,Banned Pending Investigation,,missing,missing,,
A Million Shades of Gray,"Kadohata, Cynthia",1,1,1,Banned in Libraries,,missing,missing,,
A Rational Explanation,"Youngblood, Tiffany",1,1,1,Banned in Libraries and Classrooms,,missing,missing,,
A Sense of the Infinite,"Smith, Hilary T.",1,1,1,Banned in Libraries,,missing,missing,,
A Storm of Swords,"Martin, George R.R.",1,1,1,Banned in Libraries and Classrooms,,missing,missing,,
A Story about Cancer with a Happy Ending,"Desjardins, India",1,1,1,Banned Pending Investigation,,missing,missing,,
Ace of Spades,"Àbíké-Íyímídé, Faridah",1,1,1,Banned Pending Investigation,,missing,missing,,
Adventures of a Kid Magician,"Flom, Justin",1,1,1,Banned in Libraries and Classrooms,,missing,missing,,
African Art: An Introduction,"Willett, Frank",1,1,1,Banned Pending Investigation,,missing,missing,,
After,"Efaw, Amy",1,1,1,Banned Pending Investigation,,missing,missing,,
Afterward,"Mathieu, Jennifer",1,1,1,Banned Pending Investigation,,missing,missing,,
Afterworlds,"Westerfeld, Scott",1,1,1,Banned Pending Investigation,,missing,missing,,
Alan Moore's America's Best Comics,"Moore, Alan",1,1,1,Banned Pending Investigation,,missing,missing,,
Aleutian Sparrow,"Hesse, Karen",1,1,1,Banned in Libraries,,missing,missing,,
All American Boys,"Reynolds, Jason",1,1,1,Banned Pending Investigation,,missing,missing,,
All Out: The No-Longer-Secret Stories of Queer Teens Throughout the Ages,"Mitchell, Saundra",1,1,1,Banned Pending Investigation,,missing,missing,,
All the Bad Apples,"Fowley-Doyle, Moïra",1,1,1,Banned Pending Investigation,,missing,missing,,
All-Action Classics No. 3: The Odyssey,Homer,1,1,1,Banned Pending Investigation,all-action-classics-no-3-the-odyssey,title_author,exists_incomplete,incomplete_affiliate,Matched by normalized title/author to all-action-classics-no-3-the-odyssey
Alt Ed,"Atkins, Catherine",1,1,1,Banned Pending Investigation,,missing,missing,,
"Altered Carbon: One Life, One Death","Morgan, Richard K.",1,1,1,Banned Pending Investigation,,missing,missing,,
"Always and Forever, Lara Jean","Han, Jenny",1,1,1,Banned in Libraries,,missing,missing,,
Ambush,"Skye, Obert",1,1,1,Banned in Libraries,,missing,missing,,
American Gods,"Gaiman, Neil",1,1,1,Banned in Libraries and Classrooms,,missing,missing,,
"American Gods, Vol. 1: Shadows","Gaiman, Neil",1,1,1,Banned in Libraries and Classrooms,,missing,missing,,
"American Gods, Vol. 2: My Ainsel","Gaiman, Neil",1,1,1,Banned in Libraries and Classrooms,,missing,missing,,
An American Plague: The True and Terrifying Story of the Yellow Fever Epidemic of 1793,"Murphy, Jim",1,1,1,Banned in Libraries,,missing,missing,,
An Introduction to Drawing: An Artist's Guide to Skills & Techniques,"Hazlewood, Robin",1,1,1,Banned Pending Investigation,,missing,missing,,
An Introduction to Oil Painting,"Smith, Ray",1,1,1,Banned Pending Investigation,,missing,missing,,
An Introduction to Watercolor,"Smith, Ray",1,1,1,Banned Pending Investigation,,missing,missing,,
Ana on the Edge,"Sass, A. J.",1,1,1,Banned in Libraries,,missing,missing,,
Anansi Boys,"Gaiman, Neil",1,1,1,Banned Pending Investigation,,missing,missing,,
Anatomy of a Boyfriend,"Snadowsky, Daria",1,1,1,Banned in Libraries and Classrooms,,missing,missing,,
Anatomy of a Single Girl,"Snadowsky, Daria",1,1,1,Banned in Libraries and Classrooms,,missing,missing,,
And I Darken,"White, Kiersten",1,1,1,Banned in Libraries,,missing,missing,,
And Still I Rise: Black America Since MLK,"Gates, Henry L.",1,1,1,Banned Pending Investigation,,missing,missing,,
And They Lived...,"Salvatore, Steven",1,1,1,Banned in Libraries and Classrooms,,missing,missing,,
André Kertész,"Greenough, Sarah",1,1,1,Banned Pending Investigation,,missing,missing,,
Animal Stories,"Hoey, Peter",1,1,1,Banned Pending Investigation,,missing,missing,,
Anne of Avonlea,"Montgomery, L. M.",1,1,1,Banned in Libraries,,missing,missing,,
Annie Leibovitz at Work,"Leibovitz, Annie",1,1,1,Banned in Libraries and Classrooms,,missing,missing,,
Annihilation,"VanderMeer, Jeff",1,1,1,Banned Pending Investigation,,missing,missing,,
Antiracist Baby,"Kendi, Ibram X.",1,1,1,Banned in Libraries and Classrooms,,missing,missing,,
Antonio's Card/La tarjeta de Antonio,"González, Rigoberto",1,1,1,Banned Pending Investigation,,missing,missing,,
Ark Angel,"Horowitz, Anthony",1,1,1,Banned in Libraries,,missing,missing,,
Art That Changed the World,"Chilvers, Ian",1,1,1,Banned Pending Investigation,,missing,missing,,
Art: A World History,"Buchholz, Elke Linda",1,1,1,Banned Pending Investigation,,missing,missing,,
Art: Annotated Guides,"Cumming, Robert",1,1,1,Banned Pending Investigation,,missing,missing,,
As I Descended,"Talley, Robin",1,1,1,Banned Pending Investigation,,missing,missing,,
Ash,"Lo, Malinda",1,1,1,Banned Pending Investigation,,missing,missing,,
Asking for It,"O'Neill, Louise",1,1,1,Banned in Libraries and Classrooms,,missing,missing,,
Authority,"VanderMeer, Jeff",1,1,1,Banned Pending Investigation,,missing,missing,,
Autoboyography,"Lauren, Christina",1,1,1,Banned Pending Investigation,,missing,missing,,
Babylonian Mythology,"Nardo, Don",1,1,1,Banned Pending Investigation,,missing,missing,,
Batman: The Dark Knight Strikes Again,"Miller, Frank",1,1,1,Banned Pending Investigation,,missing,missing,,
Batman: The Killing Joke,"Moore, Alan",1,1,1,Banned in Libraries,,missing,missing,,
Batman: White Knight,"Murphy, Sean",1,1,1,Banned in Libraries and Classrooms,,missing,missing,,
Beartown,"Backman, Fredrik",1,1,1,Banned Pending Investigation,,missing,missing,,
Beasts of Burden: Animal Rites,"Dorkin, Evan",1,1,1,Banned Pending Investigation,,missing,missing,,
Before We Were Free,"Alvarez, Julia",1,1,1,Banned in Libraries,,missing,missing,,
Better Nate Than Ever,"Federle, Tim",1,1,1,Banned Pending Investigation,,missing,missing,,
Better Than Perfect,"Elkeles, Simone",1,1,1,Banned in Libraries,,missing,missing,,
"Big Bob, Little Bob","Howe, James",1,1,1,Banned Pending Investigation,,missing,missing,,
Bingo Love #1,"Franklin, Tee",1,1,1,Banned in Libraries and Classrooms,,missing,missing,,
Bird Box,"Malerman, Josh",1,1,1,Banned Pending Investigation,,missing,missing,,
Birthday,"Russo, Meredith",1,1,1,Banned in Libraries and Classrooms,,missing,missing,,
"Black Brother, Black Brother","Parker Rhodes, Jewell",1,1,1,Banned Pending Investigation,,missing,missing,,
"Black Butler, Vol. 29","Toboso, Yana",1,1,1,Banned Pending Investigation,,missing,missing,,
Black Girl Unlimited: The Remarkable Story of a Teenage Wizard,"Brown, Echo",1,1,1,Banned Pending Investigation,,missing,missing,,
Black Holes and Baby Universes and Other Essays,"Hawking, Stephen",1,1,1,Banned Pending Investigation,,missing,missing,,
Black is a Rainbow Color,"Joy, Angela",1,1,1,Banned Pending Investigation,,missing,missing,,
Black Magick: Awakening,"Rucka, Greg",1,1,1,Banned Pending Investigation,,missing,missing,,
Black Road: The Holy North,"Wood, Brian",1,1,1,Banned Pending Investigation,,missing,missing,,
Blackbird: Book 1 The Great Beast,"Humphries, Sam",1,1,1,Banned Pending Investigation,,missing,missing,,
"Blade of the Immortal Omnibus, Vol. 3","Samura, Hiroaki",1,1,1,Banned in Libraries,,missing,missing,,
Blankets,"Thompson, Craig",1,1,1,Banned in Libraries,,missing,missing,,
"Bleach, Vol. 21","Kubo, Tite",1,1,1,Banned in Libraries,,missing,missing,,
Bloodlust and Bonnets,"McGovern, Emily",1,1,1,Banned Pending Investigation,,missing,missing,,
Blue Bloods,"de la Cruz, Melissa",1,1,1,Banned in Libraries,,missing,missing,,
Blue Bloods: After Life,"de la Cruz, Melissa",1,1,1,Banned in Libraries,,missing,missing,,
Blue Window,"Gewirtz, Adina Rishe",1,1,1,Banned in Libraries,,missing,missing,,
Blues: A History of American Music,"Handyside, Christopher",1,1,1,Banned Pending Investigation,,missing,missing,,
Bodies Are Cool,"Feder, Tyler",1,1,1,Banned in Libraries and Classrooms,,missing,missing,,
Body Talk: 37 Voices Explore Our Radical Anatomy,"Jensen, Kelly",1,1,1,Banned Pending Investigation,,missing,missing,,
"Bone Parish, Vol. 1","Bunn, Cullen",1,1,1,Banned Pending Investigation,,missing,missing,,
"Bone Parish, Vol. 2","Bunn, Cullen",1,1,1,Banned Pending Investigation,,missing,missing,,
"Bone Parish, Vol. 3","Bunn, Cullen",1,1,1,Banned Pending Investigation,,missing,missing,,
Born Ready: The True Story of a Boy Named Penelope,"Patterson, Jodie",1,1,1,Banned Pending Investigation,,missing,missing,,
Bosch: The Garden of Earthly Delights,"Zuffi, Stefano",1,1,1,Banned Pending Investigation,,missing,missing,,
Both Can Be True,"Machias, Jules",1,1,1,Banned in Libraries,,missing,missing,,
Boy2Girl,"Blacker, Terence",1,1,1,Banned Pending Investigation,,missing,missing,,
Brave Face: A Memoir,"Hutchinson, Shaun David",1,1,1,Banned Pending Investigation,,missing,missing,,
Brazen: Rebel Ladies Who Rocked the World,"Bagieu, Pénélope",1,1,1,Banned Pending Investigation,,missing,missing,,
Breakfast of Champions,"Vonnegut Jr., Kurt",1,1,1,Banned in Libraries,,missing,missing,,
Breaking Dawn,"Meyer, Stephanie",1,1,1,Banned in Libraries,,missing,missing,,
Brisingr,"Paolini, Christopher",1,1,1,Banned in Libraries,,missing,missing,,
Broken Beautiful Hearts,"Garcia, Kami",1,1,1,Banned in Libraries,,missing,missing,,
Brown v. Board of Education: A Fight for Simple Justice,"Rubin, Susan Goldman",1,1,1,Banned in Libraries,,missing,missing,,
Bumped,"McCafferty, Megan",1,1,1,Banned Pending Investigation,,missing,missing,,
Call Me Max,"Lukoff, Kyle",1,1,1,Banned Pending Investigation,,missing,missing,,
Calvin,"Ford, J. R.",1,1,1,Banned in Libraries,,missing,missing,,
Catwoman: Soulstealer,"Maas, Sarah J.",1,1,1,Banned in Libraries,,missing,missing,,
Cezanne: Mont Sainte Victoire,"Zeri, Federico",1,1,1,Banned Pending Investigation,,missing,missing,,
Chagall: The Falling Angel,"Zeri, Federico",1,1,1,Banned Pending Investigation,,missing,missing,,
Challenger Deep,"Shusterman, Neal",1,1,1,Banned in Libraries,,missing,missing,,
Chaucer's Canterbury Tales,"Williams, Marcia",1,1,1,Banned Pending Investigation,,missing,missing,,
Cherry,"Rosin, Lindsey",1,1,1,Banned Pending Investigation,,missing,missing,,
Cheshire Crossing,"Weir, Andy",1,1,1,Banned in Libraries,,missing,missing,,
Chicken Girl,"Smith, Heather",1,1,1,Banned in Libraries and Classrooms,,missing,missing,,
Choke,"Skye, Obert",1,1,1,Banned in Libraries,,missing,missing,,
Chosen,"Cast, P. C.",1,1,1,Banned Pending Investigation,,missing,missing,,
"Citrus Plus, Vol. 1",Saburouta,1,1,1,Banned in Libraries,citrus-plus,title_author,exists_incomplete,incomplete_affiliate,Matched by normalized title/author to citrus-plus
"Citrus Plus, Vol. 2",Saburouta,1,1,1,Banned in Libraries,citrus-plus,variant,manual_review,incomplete_affiliate,94% title match with citrus-plus
City Love,"Colasanti, Susane",1,1,1,Banned in Libraries,,missing,missing,,
"City of Light, City of Dark",Avi,1,1,1,Banned in Libraries,city-of-light-city-of-dark,title_author,exists_incomplete,incomplete_content,Matched by normalized title/author to city-of-light-city-of-dark
City of Thieves,"Benioff, David",1,1,1,Banned Pending Investigation,,missing,missing,,
Code of Honor,"Gratz, Alan",1,1,1,Banned in Libraries,,missing,missing,,
Complete Guide to Drawing and Painting,Reader's Digest Editors,1,1,1,Banned Pending Investigation,complete-guide-to-drawing-and-painting,title_author,exists_incomplete,incomplete_content,Matched by normalized title/author to complete-guide-to-drawing-and-painting
Confess,"Hoover, Colleen",1,1,1,Banned Pending Investigation,,missing,missing,,
Consent,"Ohlin, Nancy",1,1,1,Banned in Libraries and Classrooms,,missing,missing,,
Cool for the Summer,"Adler, Dahlia",1,1,1,Banned Pending Investigation,,missing,missing,,
Court of Lions,"Daud, Somaiya",1,1,1,Banned in Libraries,,missing,missing,,
"Coyotes, Vol. 1","Lewis, Sean",1,1,1,Banned Pending Investigation,,missing,missing,,
"Coyotes, Vol. 2","Lewis, Sean",1,1,1,Banned Pending Investigation,,missing,missing,,
Crime and Punishment: The Graphic Novel,"Tezuka, Osamu",1,1,1,Banned in Libraries and Classrooms,,missing,missing,,
Criss Cross,"Perkins, Lynne Rae",1,1,1,Banned in Libraries,,missing,missing,,
Cursed Pirate Girl,"Bastian, Jeremy A.",1,1,1,Banned in Libraries and Classrooms,,missing,missing,,
Cut Both Ways,"Mesrobian, Carrie",1,1,1,Banned in Libraries and Classrooms,,missing,missing,,
D-Day: The World War II Invasion that Changed History,"Hopkinson, Deborah",1,1,1,Banned in Libraries,,missing,missing,,
Dali: The Persistence of Memory,"Zeri, Federico",1,1,1,Banned Pending Investigation,,missing,missing,,
Dangerous Woman: The Graphic Biography of Emma Goldman,"Rudahl, Sharon",1,1,1,Banned in Libraries,,missing,missing,,
Darius the Great Deserves Better,"Khorram, Adib",1,1,1,Banned Pending Investigation,,missing,missing,,
"Date Me, Bryson Keller","van Whye, Kevin",1,1,1,Banned in Libraries,,missing,missing,,
Date Rape (At Issue),"Watkins, Christine",1,1,1,Banned in Libraries,,missing,missing,,
Dateable: Are You? Are They?,"Lookadoo, Justin",1,1,1,Banned Pending Investigation,,missing,missing,,
Daughter of Smoke and Bone,"Taylor, Laini",1,1,1,Banned in Libraries,,missing,missing,,
Daughters Unto Devils,"Lukavics, Amy",1,1,1,Banned in Libraries,,missing,missing,,
Days of Blood and Starlight,"Taylor, Laini",1,1,1,Banned in Libraries,,missing,missing,,
Dead and the Dark,"Gould, Courtney",1,1,1,Banned in Libraries,,missing,missing,,
Deadly Class,"Remender, Rick",1,1,1,Banned Pending Investigation,,missing,missing,,
"Deadly Class, Vol. 1: Reagan Youth","Remender, Rick",1,1,1,Banned in Libraries and Classrooms,,missing,missing,,
"Dear Diary, I'm Pregnant: Teenagers Talk About their Pregnancy","Englander, Anrenee",1,1,1,Banned Pending Investigation,,missing,missing,,
Dear Justyce,"Stone, Nic",1,1,1,Banned in Libraries,,missing,missing,,
Deep Dark Fears,"Krause, Fran",1,1,1,Banned Pending Investigation,,missing,missing,,
Defy the Night,"Kemmerer, Brigid",1,1,1,Banned in Libraries,,missing,missing,,
Degas: Impressions of a Great Master,"Gruitrooy, Gerhard",1,1,1,Banned Pending Investigation,,missing,missing,,
Degas: The Dance Class,"Zeri, Federico",1,1,1,Banned Pending Investigation,,missing,missing,,
Democracy,"Papadatos, Alecos",1,1,1,Banned Pending Investigation,,missing,missing,,
Dicey's Song,"Voigt, Cynthia",1,1,1,Banned in Libraries,,missing,missing,,
Different Kinds of Fruit,"Lukoff, Kyle",1,1,1,Banned in Libraries,,missing,missing,,
Discovering Mythology - Gods and Goddesses,"Mass, Wendy",1,1,1,Banned Pending Investigation,,missing,missing,,
Don't Know Much About Mythology: Everything You Need to Know About the Greatest Stories in Human History but Never Learned,"Davis, Kenneth C.",1,1,1,Banned Pending Investigation,,missing,missing,,
Doomraga's Revenge,"Barron, T.A.",1,1,1,Banned in Libraries,,missing,missing,,
Draw Me a Star,"Carle, Eric",1,1,1,Banned Pending Investigation,,missing,missing,,
Dreams of Gods and Monsters,"Taylor, Laini",1,1,1,Banned in Libraries,,missing,missing,,
Eagle Strike,"Horowitz, Anthony",1,1,1,Banned in Libraries,,missing,missing,,
Eden Conquered,"Charbonneau, Joelle",1,1,1,Banned in Libraries,,missing,missing,,
Edward Hopper: A Modern Master,"Berkow, Ita G.",1,1,1,Banned Pending Investigation,,missing,missing,,
Eldest,"Paolini, Christopher",1,1,1,Banned in Libraries,,missing,missing,,
"Eleanor Roosevelt, Fighter for Justice: Her Impact on the Civil Rights Movement, the White House, and the World","Cooper, Ilene",1,1,1,Banned in Libraries,,missing,missing,,
Embrace,"Shirvington, Jessica",1,1,1,Banned Pending Investigation,,missing,missing,,
Emergency Contact,"Choi, Mary H.K.",1,1,1,Banned in Libraries and Classrooms,,missing,missing,,
Epileptic,"B., David",1,1,1,Banned Pending Investigation,,missing,missing,,
Eragon,"Paolini, Christopher",1,1,1,Banned in Libraries,,missing,missing,,
Even If I Fall,"Johnson, Abigail",1,1,1,Banned in Libraries,,missing,missing,,
Every Hidden Thing,"Oppel, Kenneth",1,1,1,Banned in Libraries,,missing,missing,,
Eyes of the Forest,"Henry, April",1,1,1,Banned in Libraries,,missing,missing,,
Fable,"Young, Adrienne",1,1,1,Banned Pending Investigation,,missing,missing,,
Falling Over Sideways,"Sonnenblick, Jordan",1,1,1,Banned in Libraries,,missing,missing,,
Fangirl,"Rowell, Rainbow",1,1,1,Banned Pending Investigation,,missing,missing,,
Fantastic Four By Mark Waid and Mike Wieringo: Ultimate Collection - Book One (Fantastic Four 1998-2012),"Waid, Mark",1,1,1,Banned Pending Investigation,,missing,missing,,
Fences,"Wilson, August",1,1,1,Banned in Classrooms,,missing,missing,,
Feynman,"Ottaviani, Jim",1,1,1,Banned Pending Investigation,,missing,missing,,
Filmish: A Graphic Journey Through Film,"Ross, Edward",1,1,1,Banned Pending Investigation,,missing,missing,,
Finding Cinderella,"Hoover, Colleen",1,1,1,Banned Pending Investigation,,missing,missing,,
"Fire Force, Vol. 1","Ohkubo, Atsushi",1,1,1,Banned in Libraries and Classrooms,,missing,missing,,
Fire Star,"d'Lacey, Chris",1,1,1,Banned in Libraries,,missing,missing,,
Fire Will Fall,"Plum-Ucci, Carol",1,1,1,Banned in Libraries,,missing,missing,,
Firebug,"McBride, Lish",1,1,1,Banned in Libraries,,missing,missing,,
Flawed,"Dorfman, Andrea",1,1,1,Banned Pending Investigation,,missing,missing,,
Flowers in the Attic,"Andrews, V.C.",1,1,1,Banned in Libraries,,missing,missing,,
Forbidden,"Suzuma, Tabitha",1,1,1,Banned in Libraries and Classrooms,,missing,missing,,
Frankie & Bug,"Forman, Gayle",1,1,1,Banned in Libraries,,missing,missing,,
Fred Gets Dressed,"Brown, Peter",1,1,1,Banned Pending Investigation,,missing,missing,,
Friends Forever,"Hale, Shannon",1,1,1,Banned in Libraries,,missing,missing,,
From Blood and Ash,"Armentrout, Jennifer L.",1,1,1,Banned Pending Investigation,,missing,missing,,
From the Notebooks of Melanin Sun,"Woodson, Jacqueline",1,1,1,Banned Pending Investigation,,missing,missing,,
Frost Like Night,"Raasch, Sara",1,1,1,Banned in Libraries,,missing,missing,,
Full Bloom: The Art and Life of Georgia O' Keefe,"Drohojowska-Philip, Hunter",1,1,1,Banned Pending Investigation,,missing,missing,,
Gates of Paradise,"de la Cruz, Melissa",1,1,1,Banned in Libraries,,missing,missing,,
"Gender Danger: Survivors of Rape, Human Trafficking, and Honor Killings","Simons, Rae",1,1,1,Banned in Libraries and Classrooms,,missing,missing,,
Gender Identity (Teen Mental Health),"Petrikowski, Nicki Peter",1,1,1,Banned Pending Investigation,,missing,missing,,
Gender Issues,"McIntosh, Kenneth",1,1,1,Banned Pending Investigation,,missing,missing,,
Gender Outlaws: The Next Generation,"Bornstein, Kate",1,1,1,Banned in Libraries and Classrooms,,missing,missing,,
Giant Days,"Allison, John",1,1,1,Banned Pending Investigation,,missing,missing,,
Giant Days: Not On the Test Edition Vol. 1 - Fall Semester,"Allison, John",1,1,1,Banned Pending Investigation,,missing,missing,,
Giant Days: Not On the Test Edition Vol. 2 - Winter Semester,"Allison, John",1,1,1,Banned Pending Investigation,,missing,missing,,
Gilgamesh: A Graphic Novel,"Winegarner, Andrew",1,1,1,Banned in Libraries and Classrooms,,missing,missing,,
Girl in Pieces,"Glasgow, Kathleen",1,1,1,Banned Pending Investigation,,missing,missing,,
Girl Talk: The Ultimate Body & Puberty Book for Girls,Editors of Cider Mill Press,1,1,1,Banned Pending Investigation,girl-talk-the-ultimate-body-puberty-book-for-girls,title_author,exists_incomplete,incomplete_content,Matched by normalized title/author to girl-talk-the-ultimate-body-puberty-book-for-girls
"Girl, (Nearly) 16: Absolute Torture","Limb, Sue",1,1,1,Banned Pending Investigation,,missing,missing,,
Girls Like Us (2015),"Giles, Gail",1,1,1,Banned Pending Investigation,,missing,missing,,
GLBTQ*: The Survival Guide for Queer & Questioning Teens,"Huegel, Kelly",1,1,1,Banned Pending Investigation,,missing,missing,,
Glitter,"Daniels, Babygirl",1,1,1,Banned Pending Investigation,,missing,missing,,
Go with the Flow,"Williams, Lily",1,1,1,Banned Pending Investigation,,missing,missing,,
Good Talk: A Memoir in Conversations,"Jacob, Mira",1,1,1,Banned Pending Investigation,,missing,missing,,
Gracefully Grayson,"Polonsky, Ami",1,1,1,Banned in Libraries,,missing,missing,,
Graceling,"Cashore, Kristin",1,1,1,Banned Pending Investigation,,missing,missing,,
Graphic Classics Volume 8: Mark Twain - 2nd Edition,"Twain, Mark",1,1,1,Banned Pending Investigation,,missing,missing,,
Graphic Classics: Bram Stoker,"Pomplun, Tom",1,1,1,Banned Pending Investigation,,missing,missing,,
Graphic Classics: Edgar Allan Poe,"Pomplun, Tom",1,1,1,Banned Pending Investigation,,missing,missing,,
Graphic Design: A New History,"Eskilson, Stephen J.",1,1,1,Banned Pending Investigation,,missing,missing,,
Grass,"Gendry-Kim, Keum Suk",1,1,1,Banned Pending Investigation,,missing,missing,,
Great Masterpieces of the World,"Korn, Irene",1,1,1,Banned Pending Investigation,,missing,missing,,
Green River Killer: A True Detective Story,"Jensen, Jeff",1,1,1,Banned Pending Investigation,,missing,missing,,
Ground Zero,"Gratz, Alan",1,1,1,Banned Pending Investigation,,missing,missing,,
Grown in 60 Seconds,"Lee, Darrien",1,1,1,Banned Pending Investigation,,missing,missing,,
Guyaholic,"Mackler, Carolyn",1,1,1,Banned Pending Investigation,,missing,missing,,
Hands Up!,"McDaniel, Breanna J.",1,1,1,Banned Pending Investigation,,missing,missing,,
Harry Callahan: The Photographer at Work,"Salvesen, Britt",1,1,1,Banned Pending Investigation,,missing,missing,,
"Healing Sexual Trauma Workbook: Somatic Skills to Help You Feel Safe in Your Body, Create Boundaries, and Live with Resilience","Shershun, Erika",1,1,1,Banned in Libraries and Classrooms,,missing,missing,,
Hear These Voices: Youth at the Edge of the Millennium,"Allison, Anthony",1,1,1,Banned Pending Investigation,,missing,missing,,
"Heartstopper, Vol. 1","Oseman, Alice",1,1,1,Banned Pending Investigation,,missing,missing,,
"Heartstopper, Vol. 2","Oseman, Alice",1,1,1,Banned Pending Investigation,,missing,missing,,
"Heartstopper, Vol. 3","Oseman, Alice",1,1,1,Banned Pending Investigation,,missing,missing,,
"Heartstopper, Vol. 4","Oseman, Alice",1,1,1,Banned Pending Investigation,,missing,missing,,
History of Western Art in Comics Part One: From Prehistory to the Renaissance,"Augustin, Marion",1,1,1,Banned Pending Investigation,,missing,missing,,
Hitler's Final Solution,"Allen, John",1,1,1,Banned Pending Investigation,,missing,missing,,
Hollow City: The Graphic Novel,"Riggs, Ransom",1,1,1,Banned Pending Investigation,,missing,missing,,
Holocaust Camps and Killing Centers,"Blohm, Craig E.",1,1,1,Banned Pending Investigation,,missing,missing,,
Holocaust Rescue and Liberation,"Blohm, Craig E.",1,1,1,Banned Pending Investigation,,missing,missing,,
Holocaust Resistance,"Blohm, Craig E.",1,1,1,Banned Pending Investigation,,missing,missing,,
Home Body,"Kaur, Rupi",1,1,1,Banned Pending Investigation,,missing,missing,,
Home for the Holidays,"Vogel Frederick, Heather",1,1,1,Banned in Libraries,,missing,missing,,
Home Run,"Green, Tim",1,1,1,Banned in Libraries,,missing,missing,,
Homecoming,"Charlton-Trujillo, E. E.",1,1,1,Banned in Libraries,,missing,missing,,
Homegoing,"Gyasi, Yaa",1,1,1,Banned in Libraries and Classrooms,,missing,missing,,
Hooked,"Greenman, Catherine",1,1,1,Banned in Libraries and Classrooms,,missing,missing,,
Hopeless,"Hoover, Colleen",1,1,1,Banned Pending Investigation,,missing,missing,,
Horde,"Bennett, Marguerite",1,1,1,Banned Pending Investigation,,missing,missing,,
House of Dark Shadows,"Liparulo, Robert",1,1,1,Banned Pending Investigation,,missing,missing,,
House of Sky and Breath,"Maas, Sarah J.",1,1,1,Banned in Libraries and Classrooms,,missing,missing,,
How Beautiful the Ordinary: Twelve Stories of Identity,"Cart, Michael",1,1,1,Banned in Libraries and Classrooms,,missing,missing,,
How It All Blew Up,"Ahmadi, Arvin",1,1,1,Banned in Libraries,,missing,missing,,
How to Be Ace: A Memoir of Growing Up Asexual,"Burgess, Rebecca",1,1,1,Banned Pending Investigation,,missing,missing,,
How to Read Italian Renaissance Painting,"Zuffi, Stefano",1,1,1,Banned Pending Investigation,,missing,missing,,
"I Hate Fairyland, Vol. 1: Madly Ever After","Young, Skottie",1,1,1,Banned Pending Investigation,,missing,missing,,
If I Stay,"Forman, Gayle",1,1,1,Banned in Libraries,,missing,missing,,
If You Could Be Mine,"Farizan, Sara",1,1,1,Banned in Libraries and Classrooms,,missing,missing,,
Illegal,"Colfer, Eoin",1,1,1,Banned in Libraries,,missing,missing,,
In Our Mothers' House,"Polacco, Patricia",1,1,1,Banned in Libraries and Classrooms,,missing,missing,,
In the Lake of the Woods,"O'Brien, Tim",1,1,1,Banned Pending Investigation,,missing,missing,,
Infandous,"Arnold, Elana K.",1,1,1,Banned Pending Investigation,,missing,missing,,
Infinity Son,"Silvera, Adam",1,1,1,Banned Pending Investigation,,missing,missing,,
Inheritance,"Paolini, Christopher",1,1,1,Banned in Libraries,,missing,missing,,
Irving Penn: A Career In Photography,"Westerbeck, Colin",1,1,1,Banned Pending Investigation,,missing,missing,,
Is He a Girl?,"Sachar, Louis",1,1,1,Banned Pending Investigation,,missing,missing,,
"Isaac the Alchemist: Secrets of Isaac Newton, Reveal'd","Losure, Mary",1,1,1,Banned in Libraries,,missing,missing,,
Ivy,"Oleksyk, Sarah",1,1,1,Banned Pending Investigation,,missing,missing,,
Jack of Hearts (and other parts),"Rosen, L. C.",1,1,1,Banned in Libraries and Classrooms,,missing,missing,,
Jacob's New Dress,"Hoffman, Sarah",1,1,1,Banned in Libraries,,missing,missing,,
Jay's Gay Agenda,"June, Jason",1,1,1,Banned in Libraries and Classrooms,,missing,missing,,
Joe Hill's The Cape: 1969,"Ciaramella, Jason",1,1,1,Banned Pending Investigation,,missing,missing,,
"Jojo's Bizarre Adventure: Part 1 - Phantom Blood, Vol. 1","Araki, Hirohiko",1,1,1,Banned in Libraries,,missing,missing,,
"Jojo's Bizarre Adventure: Part 1 - Phantom Blood, Vol. 2","Araki, Hirohiko",1,1,1,Banned in Libraries,,missing,missing,,
"Jojo's Bizarre Adventure: Part 1 - Phantom Blood, Vol. 3","Araki, Hirohiko",1,1,1,Banned in Libraries,,missing,missing,,
Kandinsky: The First Abstract Watercolour Painting,"Zeri, Federico",1,1,1,Banned Pending Investigation,,missing,missing,,
Kid Lawyer,"Grisham, John",1,1,1,Banned in Libraries,,missing,missing,,
Killer Spirit,"Barnes, Jennifer Lynn",1,1,1,Banned in Libraries and Classrooms,,missing,missing,,
Kindred: A Graphic Novel Adaptation,"Butler, Octavia E.",1,1,1,Banned Pending Investigation,,missing,missing,,
King and the Dragonflies,"Callender, Kacen",1,1,1,Banned Pending Investigation,,missing,missing,,
King of King Court,"Dandro, Travis",1,1,1,Banned Pending Investigation,,missing,missing,,
King's Cage,"Aveyard, Victoria",1,1,1,Banned in Libraries,,missing,missing,,
Kingdom of Flesh and Fire,"Armentrout, Jennifer L.",1,1,1,Banned Pending Investigation,,missing,missing,,
Kingdom of the Wicked,"Edginton, Ian",1,1,1,Banned Pending Investigation,,missing,missing,,
Lady Midnight,"Clare, Cassandra",1,1,1,Banned in Libraries,,missing,missing,,
Layla,"Hoover, Colleen",1,1,1,Banned Pending Investigation,,missing,missing,,
Leaving Paradise,"Elkeles, Simone",1,1,1,Banned in Libraries,,missing,missing,,
Left Out,"Green, Tim",1,1,1,Banned in Libraries,,missing,missing,,
Leonardo and The Last Supper,"King, Ross",1,1,1,Banned Pending Investigation,,missing,missing,,
Leonardo: Revised Edition,"Kemp, Martin",1,1,1,Banned Pending Investigation,,missing,missing,,
Lessons from a Dead Girl,"Knowles, Jo",1,1,1,Banned Pending Investigation,,missing,missing,,
Letter from the Birmingham Jail,"King Jr., Martin Luther",1,1,1,Banned Pending Investigation,,missing,missing,,
Lexicon,"Barry, Max",1,1,1,Banned Pending Investigation,,missing,missing,,
"Liar, Temptress, Soldier, Spy: Four Women Undercover in the Civil War","Abbott, Karen",1,1,1,Banned Pending Investigation,,missing,missing,,
Life in a Nazi Concentration Camp,"Nardo, Don",1,1,1,Banned Pending Investigation,,missing,missing,,
Life is Funny,"Frank, E. R.",1,1,1,Banned in Libraries and Classrooms,,missing,missing,,
Little & Lion,"Colbert, Brandy",1,1,1,Banned Pending Investigation,,missing,missing,,
Little Blog on the Prairie,"Bell, Cathleen Davitt",1,1,1,Banned in Libraries,,missing,missing,,
Locke & Key Vol. 1: Welcomeome To Lovecraft,"Hill, Joe",1,1,1,Banned Pending Investigation,,missing,missing,,
"Locke & Key, Vol. 5: Clockworks","Hill, Joe",1,1,1,Banned Pending Investigation,,missing,missing,,
"Locke & Key, Vol. 6: Alpha & Omega","Hill, Joe",1,1,1,Banned Pending Investigation,,missing,missing,,
Lolita,"Nabokov, Vladimir",1,1,1,Banned Pending Investigation,,missing,missing,,
Looking at Paintings,"Welton, Jude",1,1,1,Banned Pending Investigation,,missing,missing,,
Lord of Shadows,"Clare, Cassandra",1,1,1,Banned in Libraries,,missing,missing,,
Lost in Time,"de la Cruz, Melissa",1,1,1,Banned in Libraries,,missing,missing,,
Love Lies Beneath,"Hopkins, Ellen",1,1,1,Banned in Libraries and Classrooms,,missing,missing,,
Loving Frank,"Horan, Nancy",1,1,1,Banned in Libraries and Classrooms,,missing,missing,,
Lush,"Friend, Natasha",1,1,1,Banned Pending Investigation,,missing,missing,,
M.L.K.: Journey of a King,"Bolden, Tonya",1,1,1,Banned in Libraries,,missing,missing,,
Macbeth: The Graphic Novel,"Hinds, Gareth",1,1,1,Banned Pending Investigation,,missing,missing,,
Magritte: The Human Condition,"Zeri, Federico",1,1,1,Banned Pending Investigation,,missing,missing,,
Man o' War,"McCarthy, Cory",1,1,1,Banned in Libraries and Classrooms,,missing,missing,,
Man Ray: The Paris Years,"Taylor, Michael R.",1,1,1,Banned Pending Investigation,,missing,missing,,
Man Walks on the Moon,"Bodden, Valerie",1,1,1,Banned in Libraries,,missing,missing,,
Manet: Le dejeuner sur I'herbe,"Zeri, Federico",1,1,1,Banned Pending Investigation,,missing,missing,,
"Mara, Daughter of the Nile","McGraw, Eloise Jarvis",1,1,1,Banned in Libraries,,missing,missing,,
"Mary's Monster: Love, Madness, and How Mary Shelley Created Frankenstein","Judge, Lita",1,1,1,Banned Pending Investigation,,missing,missing,,
Masquerade,"de la Cruz, Melissa",1,1,1,Banned in Libraries,,missing,missing,,
"Master Keaton, Vol. 1","Urasawa, Naoki",1,1,1,Banned in Libraries and Classrooms,,missing,missing,,
"Master Keaton, Vol. 10","Urasawa, Naoki",1,1,1,Banned in Libraries and Classrooms,,missing,missing,,
"Master Keaton, Vol. 2","Urasawa, Naoki",1,1,1,Banned in Libraries and Classrooms,,missing,missing,,
"Master Keaton, Vol. 3","Urasawa, Naoki",1,1,1,Banned in Libraries and Classrooms,,missing,missing,,
"Master Keaton, Vol. 4","Urasawa, Naoki",1,1,1,Banned in Libraries and Classrooms,,missing,missing,,
"Master Keaton, Vol. 5","Urasawa, Naoki",1,1,1,Banned in Libraries and Classrooms,,missing,missing,,
"Master Keaton, Vol. 6","Urasawa, Naoki",1,1,1,Banned in Libraries and Classrooms,,missing,missing,,
"Master Keaton, Vol. 7","Urasawa, Naoki",1,1,1,Banned in Libraries and Classrooms,,missing,missing,,
"Master Keaton, Vol. 8","Urasawa, Naoki",1,1,1,Banned in Libraries and Classrooms,,missing,missing,,
"Master Keaton, Vol. 9","Urasawa, Naoki",1,1,1,Banned in Libraries and Classrooms,,missing,missing,,
Matisse: LA Danse,"Zeri, Federico",1,1,1,Banned Pending Investigation,,missing,missing,,
Maybe Not,"Hoover, Colleen",1,1,1,Banned in Libraries and Classrooms,,missing,missing,,
Me and White Supremacy,"Saad, Layla",1,1,1,Banned in Libraries and Classrooms,,missing,missing,,
Mediocre: The Dangerous Legacy of White Male America,"Oluo, Ijeoma",1,1,1,Banned in Libraries and Classrooms,,missing,missing,,
Medusa,"Burton, Jessie",1,1,1,Banned Pending Investigation,,missing,missing,,
Merlin's Dragon,"Barron, T.A.",1,1,1,Banned in Libraries,,missing,missing,,
Messenger,"Lowry, Lois",1,1,1,Banned in Libraries,,missing,missing,,
Michelangelo: Master of the Italian Renaissance,"Di Cagno, Gabriella",1,1,1,Banned Pending Investigation,,missing,missing,,
Mirror of the World: A New History of Art,"Bell, Julian",1,1,1,Banned Pending Investigation,,missing,missing,,
Misguided Angel,"de la Cruz, Melissa",1,1,1,Banned in Libraries,,missing,missing,,
Mixed: A Colorful Story,"Chung, Arree",1,1,1,Banned in Classrooms,,missing,missing,,
Modigliani: Reclining Nude,"Zeri, Federico",1,1,1,Banned Pending Investigation,,missing,missing,,
Monstress,"Liu, Marjorie",1,1,1,Banned in Libraries,,missing,missing,,
"Monstress, Vol. 1: Awakening","Liu, Marjorie",1,1,1,Banned in Libraries and Classrooms,,missing,missing,,
"Monstress, Vol. 2: The Blood","Liu, Marjorie",1,1,1,Banned in Libraries and Classrooms,,missing,missing,,
"Monstress, Vol. 3: Haven","Liu, Marjorie",1,1,1,Banned in Libraries and Classrooms,,missing,missing,,
"Monstress, Vol. 4: The Chosen","Liu, Marjorie",1,1,1,Banned in Libraries and Classrooms,,missing,missing,,
Morris Micklewhite and the Tangerine Dress,"Baldacchino, Christine",1,1,1,Banned Pending Investigation,,missing,missing,,
Moxie,"Mathieu, Jennifer",1,1,1,Banned Pending Investigation,,missing,missing,,
Munch: The Scream,"Zeri, Federico",1,1,1,Banned Pending Investigation,,missing,missing,,
Murder Complex,"Cummings, Lindsay",1,1,1,Banned in Libraries,,missing,missing,,
My Jim: A Novel,"Rawles, Nancy",1,1,1,Banned Pending Investigation,,missing,missing,,
My Last Summer with Cass,"Crilley, Mark",1,1,1,Banned Pending Investigation,,missing,missing,,
My Princess Boy,"Kilodavis, Cheryl",1,1,1,Banned Pending Investigation,,missing,missing,,
My Rainbow,"Neal, DeShanna",1,1,1,Banned in Libraries,,missing,missing,,
My Riot,"Spears, Rick",1,1,1,Banned Pending Investigation,,missing,missing,,
Mythology,"Wright, Anne Margaret",1,1,1,Banned Pending Investigation,,missing,missing,,
"Myths, Legends and Sacred Stories: A Visual Encyclopedia","Wilkinson, Philip",1,1,1,Banned Pending Investigation,,missing,missing,,
Never Let Me Go,"Ishiguro, Kazuo",1,1,1,Banned Pending Investigation,,missing,missing,,
New Kid,"Craft, Jerry",1,1,1,Banned Pending Investigation,,missing,missing,,
Ninth House,"Bardugo, Leigh",1,1,1,Banned Pending Investigation,,missing,missing,,
Normal People,"Rooney, Sally",1,1,1,Banned Pending Investigation,,missing,missing,,
"Novels for Students, Vol. 9: Presenting analysis, context, and criticism on commonly studied novels","Stanley, Deborah A.",1,1,1,Banned Pending Investigation,,missing,missing,,
November 9,"Hoover, Colleen",1,1,1,Banned Pending Investigation,,missing,missing,,
Now I Rise,"White, Kiersten",1,1,1,Banned in Libraries,,missing,missing,,
"Now That We're Men: A Play and True Life Accounts of Boys, Sex & Power","Capiello, Katie",1,1,1,Banned Pending Investigation,,missing,missing,,
Odd One Out,"Stone, Nic",1,1,1,Banned Pending Investigation,,missing,missing,,
One of Us is Next,"McManus, Karen M.",1,1,1,Banned in Libraries,,missing,missing,,
Ordinary Hazards,"Grimes, Nikki",1,1,1,Banned Pending Investigation,,missing,missing,,
Original Fake,"Cronn-Mills, Kirstin",1,1,1,Banned in Libraries,,missing,missing,,
Outlander,"Gabaldon, Diana",1,1,1,Banned Pending Investigation,,missing,missing,,
P. S. I Still Love You,"Han, Jenny",1,1,1,Banned in Libraries,,missing,missing,,
Pablo: Art Masters Series,"Birmant, Julie",1,1,1,Banned Pending Investigation,,missing,missing,,
Parable of the Sower,"Butler, Octavia E.",1,1,1,Banned in Libraries,,missing,missing,,
Parable of the Talents,"Butler, Octavia E.",1,1,1,Banned in Libraries,,missing,missing,,
Parenthesis,"Durand, Elodie",1,1,1,Banned Pending Investigation,,missing,missing,,
Patience,"Clowes, Daniel",1,1,1,Banned Pending Investigation,,missing,missing,,
Peaceful Fights for Equal Rights,"Sanders, Rob",1,1,1,Banned Pending Investigation,,missing,missing,,
Peak,"Smith, Roland",1,1,1,Banned in Libraries,,missing,missing,,
Penultimate Quest,"Brown, Lars",1,1,1,Banned Pending Investigation,,missing,missing,,
Persepolis 2: The Story of a Return,"Satrapi, Marjane",1,1,1,Banned Pending Investigation,,missing,missing,,
Persepolis: The Story of a Childhood,"Satrapi, Marjane",1,1,1,Banned Pending Investigation,,missing,missing,,
Pet,"Emezi, Akwaeke",1,1,1,Banned Pending Investigation,,missing,missing,,
Pierce Brown's Red Rising: Sons of Ares - An Original Graphic Novel,"Brown, Pierce",1,1,1,Banned Pending Investigation,,missing,missing,,
Pillage,"Skye, Obert",1,1,1,Banned in Libraries,,missing,missing,,
Point Blank,"Horowitz, Anthony",1,1,1,Banned in Libraries,,missing,missing,,
Poisoned,"Donnelly, Jennifer",1,1,1,Banned in Libraries,,missing,missing,,
"Pox, Pus and Plague","Townsend, John",1,1,1,Banned in Libraries,,missing,missing,,
Prey,"Crichton, Michael",1,1,1,Banned Pending Investigation,,missing,missing,,
Pride: The Story of Harvey Milk and the Rainbow Flag,"Sanders, Rob",1,1,1,Banned Pending Investigation,,missing,missing,,
Private Label,"Yang, Kelly",1,1,1,Banned in Libraries and Classrooms,,missing,missing,,
Protesting Police Violence in Modern America,"Harris, Duchess",1,1,1,Banned Pending Investigation,,missing,missing,,
Puberty is Gross but Also Really Awesome,"Loveless, Gina",1,1,1,Banned Pending Investigation,,missing,missing,,
Quackery: A Brief History of the Worst Ways to Cure Everything,"Kang, Lydia",1,1,1,Banned in Libraries,,missing,missing,,
Queen of Air and Darkness,"Clare, Cassandra",1,1,1,Banned in Libraries,,missing,missing,,
Queen of Shadows,"Maas, Sarah J.",1,1,1,Banned in Libraries,,missing,missing,,
Queen of the Sea,"Meconis, Dylan",1,1,1,Banned Pending Investigation,,missing,missing,,
Rainbow Boys,"Sanchez, Alex",1,1,1,Banned Pending Investigation,,missing,missing,,
"Raphael: His Life, Works, and Times","Muntz, Eugene",1,1,1,Banned Pending Investigation,,missing,missing,,
Raphael: School of Athens,"Dolcetta, Marco",1,1,1,Banned Pending Investigation,,missing,missing,,
"Rat Queens, Vol. 1: Sass & Sorcery","Wiebe, Kurtis J.",1,1,1,Banned in Libraries and Classrooms,,missing,missing,,
"Rat Queens, Vol. 2: The Far Reaching Tentacles of N'Rygoth","Wiebe, Kurtis J.",1,1,1,Banned in Libraries and Classrooms,,missing,missing,,
"Rat Queens, Vol. 3: Demons","Wiebe, Kurtis J.",1,1,1,Banned in Libraries and Classrooms,,missing,missing,,
Red at the Bone,"Woodson, Jacqueline",1,1,1,Banned Pending Investigation,,missing,missing,,
Red: A Crayon's Story,"Hall, Michael",1,1,1,Banned in Classrooms,,missing,missing,,
"Reflections in Black: A History of Black Photographers, 1840 to the Present","Willis, Deborah",1,1,1,Banned Pending Investigation,,missing,missing,,
Relish: My Life in the Kitchen,"Knisley, Lucy",1,1,1,Banned in Libraries and Classrooms,,missing,missing,,
Reluctantly Alice,"Naylor, Phyllis Reynolds",1,1,1,Banned Pending Investigation,,missing,missing,,
Rembrandt: Supper at Emmaus,"Zeri, Federico",1,1,1,Banned Pending Investigation,,missing,missing,,
Renoir: Moulin de la Galette,"Zeri, Federico",1,1,1,Banned Pending Investigation,,missing,missing,,
Revelations,"de la Cruz, Melissa",1,1,1,Banned in Libraries,,missing,missing,,
Rick,"Gino, Alex",1,1,1,Banned in Libraries,,missing,missing,,
Rogue Wave,"Donnelly, Jennifer",1,1,1,Banned in Libraries,,missing,missing,,
"Roll of Thunder, Hear My Cry","Taylor, Mildred D.",1,1,1,Banned Pending Investigation,,missing,missing,,
Rubens: Garden of Love,"Zeri, Federico",1,1,1,Banned Pending Investigation,,missing,missing,,
Salt to the Sea,"Sepetys, Ruta",1,1,1,Banned in Libraries,,missing,missing,,
Scene of the Crime: Tracking Down Criminals with Forensic Science,"Newquist, H.P.",1,1,1,Banned Pending Investigation,,missing,missing,,
"Scenic Art for the Theatre: History, Tools and Techniques","Crabtree, Susan",1,1,1,Banned Pending Investigation,,missing,missing,,
Schooled,"Korman, Gordon",1,1,1,Banned in Libraries,,missing,missing,,
Scorpia,"Horowitz, Anthony",1,1,1,Banned in Libraries,,missing,missing,,
Scorpia Rising,"Horowitz, Anthony",1,1,1,Banned in Libraries,,missing,missing,,
Scott Pilgrim Vol. 5: Scott Pilgrim vs. the Universe,"O'Malley, Bryan Lee",1,1,1,Banned Pending Investigation,,missing,missing,,
Secret Origins,"Lemire, Jeff",1,1,1,Banned Pending Investigation,,missing,missing,,
Seeing Gender: An Illustrated Guide to Identity and Expression,"Gottlieb, Iris",1,1,1,Banned in Libraries and Classrooms,,missing,missing,,
Seek You: A Journey Through American Loneliness,"Radtke, Kristen",1,1,1,Banned in Libraries and Classrooms,,missing,missing,,
Separate Is Never Equal: Sylvia Mendez and Her Family’s Fight for Desegregation,"Tonatiuh, Duncan",1,1,1,Banned Pending Investigation,,missing,missing,,
"Sex Plus: Learning, Loving, and Enjoying Your Body","Green, Laci",1,1,1,Banned in Libraries and Classrooms,,missing,missing,,
Shadows on the Stars,"Barron, T.A.",1,1,1,Banned in Libraries,,missing,missing,,
Shadowsong,"Jae-Jones, S.",1,1,1,Banned in Libraries,,missing,missing,,
Shakespeare's Hamlet: The Manga Edition,"Shakespeare, William",1,1,1,Banned Pending Investigation,,missing,missing,,
Shattered Warrior,"Shinn, Sharon",1,1,1,Banned Pending Investigation,,missing,missing,,
Sirens,"Schulte, Mary",1,1,1,Banned Pending Investigation,,missing,missing,,
Skeleton Key,"Horowitz, Anthony",1,1,1,Banned in Libraries,,missing,missing,,
Slaughterhouse-Five: The Graphic Novel,"Vonnegut Jr., Kurt",1,1,1,Banned Pending Investigation,,missing,missing,,
Snakehead,"Horowitz, Anthony",1,1,1,Banned in Libraries,,missing,missing,,
Snow Flower and the Secret Fan,"See, Lisa",1,1,1,Banned in Libraries and Classrooms,,missing,missing,,
Someday,"Levithan, David",1,1,1,Banned Pending Investigation,,missing,missing,,
Sonny's House of Spies,"Lyon, George Ella",1,1,1,Banned Pending Investigation,,missing,missing,,
"Sorted: Growing Up, Coming Out, and Finding My Place","Bird, Jackson",1,1,1,Banned Pending Investigation,,missing,missing,,
"Soul Eater, Vol. 1","Ohkubo, Atsushi",1,1,1,Banned in Libraries,,missing,missing,,
"Soul Eater, Vol. 2","Ohkubo, Atsushi",1,1,1,Banned in Libraries,,missing,missing,,
"Soul Eater, Vol. 3","Ohkubo, Atsushi",1,1,1,Banned in Libraries,,missing,missing,,
"Soul Eater, Vol. 4","Ohkubo, Atsushi",1,1,1,Banned in Libraries,,missing,missing,,
"Soul Eater, Vol. 5","Ohkubo, Atsushi",1,1,1,Banned in Libraries,,missing,missing,,
Soupy Leaves Home,"Castellucci, Cecil",1,1,1,Banned in Libraries,,missing,missing,,
SP4RX,"McDonald, Wren",1,1,1,Banned Pending Investigation,,missing,missing,,
"Space Battle Lunchtime, Vol. 2: A Recipe for Disaster","Riess, Natalie",1,1,1,Banned in Libraries,,missing,missing,,
Speak: The Graphic Novel,"Anderson, Laurie Halse",1,1,1,Banned Pending Investigation,,missing,missing,,
Spinning,"Walden, Tillie",1,1,1,Banned Pending Investigation,,missing,missing,,
"Spy x Family, Vol. 1","Endo, Tatsuya",1,1,1,Banned in Libraries,,missing,missing,,
"Spy x Family, Vol. 2","Endo, Tatsuya",1,1,1,Banned in Libraries,,missing,missing,,
"Spy x Family, Vol. 3","Endo, Tatsuya",1,1,1,Banned in Libraries,,missing,missing,,
"Spy x Family, Vol. 4","Endo, Tatsuya",1,1,1,Banned in Libraries,,missing,missing,,
"Spy x Family, Vol. 5","Endo, Tatsuya",1,1,1,Banned in Libraries,,missing,missing,,
"Spy x Family, Vol. 6","Endo, Tatsuya",1,1,1,Banned in Libraries,,missing,missing,,
Stained,"Jacobson, Jennifer Richard",1,1,1,Banned in Libraries and Classrooms,,missing,missing,,
"Stamped (For Kids): Racism, Antiracism, and You","Reynolds, Jason",1,1,1,Banned in Libraries,,missing,missing,,
Stella Brings the Family,"Schiffer, Miriam B.",1,1,1,Banned Pending Investigation,,missing,missing,,
Stiegliz on Photography: His Selected Essays and Notes,"Stieglitz, Alfred",1,1,1,Banned Pending Investigation,,missing,missing,,
Stolen,"Christopher, Lucy",1,1,1,Banned in Libraries,,missing,missing,,
Stormbreaker,"Horowitz, Anthony",1,1,1,Banned in Libraries,,missing,missing,,
Storytelling in Christian Art from Biotto to Donatello,"Lubbock, Jules",1,1,1,Banned Pending Investigation,,missing,missing,,
Strange the Dreamer,"Taylor, Laini",1,1,1,Banned in Libraries,,missing,missing,,
Striving for Equality: LGBTQ Athletes Claim the Field,"Cronn-Mills, Kirstin",1,1,1,Banned Pending Investigation,,missing,missing,,
"Sumomomo, Momomo: The Strongest Bride on Earth, Vol. 1","Ohtaka, Shinobu",1,1,1,Banned in Libraries and Classrooms,,missing,missing,,
Super Sisters,"Cazenove, Christopher",1,1,1,Banned Pending Investigation,,missing,missing,,
SuperMutant Magic Academy,"Tamaki, Jillian",1,1,1,Banned in Libraries and Classrooms,,missing,missing,,
Surviving Antarctica: Reality TV 2083,"White, Andrea",1,1,1,Banned in Libraries,,missing,missing,,
Symptoms of Being Human,"Garvin, Jeff",1,1,1,Banned Pending Investigation,,missing,missing,,
Tar Baby,"Morrison, Toni",1,1,1,Banned in Libraries and Classrooms,,missing,missing,,
Tattoo Atlas,"Floreen, Tim",1,1,1,Banned Pending Investigation,,missing,missing,,
Teenage Sex and Pregnancy,"Parks, Peggy J.",1,1,1,Banned Pending Investigation,,missing,missing,,
Teens and LGBT Issues,"Wilcox, Christine",1,1,1,Banned Pending Investigation,,missing,missing,,
The 1619 Project : Born on the Water,"Hannah-Jones, Nikole",1,1,1,Banned in Classrooms,,missing,missing,,
The 1619 Project: A New Origin Story,"Hannah-Jones, Nikole",1,1,1,Banned Pending Investigation,,missing,missing,,
The Abduction,"Grisham, John",1,1,1,Banned in Libraries,,missing,missing,,
The Accomplice,"Grisham, John",1,1,1,Banned in Libraries,,missing,missing,,
The Accused,"Grisham, John",1,1,1,Banned in Libraries,,missing,missing,,
The Activist,"Grisham, John",1,1,1,Banned in Libraries,,missing,missing,,
The Ancient Greeks,"Schomp, Virginia",1,1,1,Banned Pending Investigation,,missing,missing,,
"The Annotated Mona Lisa, Third Edition: A Crash Court in Art History from Prehistoric to the Present (Volume 3)","Strickland, Carol",1,1,1,Banned Pending Investigation,,missing,missing,,
The Apparatus of Death - The Third Reich,"Flaherty, Thomas",1,1,1,Banned Pending Investigation,,missing,missing,,
The Art of Comics,"Kallen, Stuart A.",1,1,1,Banned Pending Investigation,,missing,missing,,
The Battle Against Polio,"Peters, Stephanie True",1,1,1,Banned in Libraries,,missing,missing,,
"The Beautiful Stories of Life: Six Greeks Myths, Retold","Rylant, Cynthia",1,1,1,Banned Pending Investigation,,missing,missing,,
The Beauty of Darkness,"Pearson, Mary E.",1,1,1,Banned in Libraries,,missing,missing,,
The Best We Could Do: An Illustrated Memoir,"Bui, Thi",1,1,1,Banned Pending Investigation,,missing,missing,,
The Bible,Unknown,1,1,1,Banned Pending Investigation,the-bible,title_author,exists_incomplete,incomplete_content,Matched by normalized title/author to the-bible
The Big Questions Book of Sex and Consent,"Freitas, Donna",1,1,1,Banned in Libraries,,missing,missing,,
The Black Monday Murders,"Hickman, Jonathan",1,1,1,Banned Pending Investigation,,missing,missing,,
The Book of Magic,"Barron, T.A.",1,1,1,Banned in Libraries,,missing,missing,,
The Boy Who Dared,"Campbell Bartoletti, Susan",1,1,1,Banned in Libraries,,missing,missing,,
The Bridge,"Konigsberg, Bill",1,1,1,Banned Pending Investigation,,missing,missing,,
The Camelot Betrayal,"White, Kiersten",1,1,1,Banned in Libraries,,missing,missing,,
The Cape,"Hill, Joe",1,1,1,Banned Pending Investigation,,missing,missing,,
The Children's Bible,"Tagholm, Sally",1,1,1,Banned Pending Investigation,,missing,missing,,
The Chupacabra,"Flitcroft, Jean",1,1,1,Banned in Libraries,,missing,missing,,
The City We Became: A Novel,"Jemisin, N. K.",1,1,1,Banned Pending Investigation,,missing,missing,,
The Complete Idiot's Guide to Drawing Manga: Illustrated,"Layman, John",1,1,1,Banned Pending Investigation,,missing,missing,,
The Complete Idiot's Guide to Drawing People Illustrated,"Hoddinott, Brenda",1,1,1,Banned Pending Investigation,,missing,missing,,
The Cost of Knowing,"Morris, Brittney",1,1,1,Banned in Libraries and Classrooms,,missing,missing,,
The Country of Ice Cream Star,"Newman, Sandra",1,1,1,Banned Pending Investigation,,missing,missing,,
The Creeps: A Deep Dark Fears Collection,"Krause, Fran",1,1,1,Banned Pending Investigation,,missing,missing,,
The Dark and Hollow Places,"Ryan, Carrie",1,1,1,Banned in Libraries,,missing,missing,,
The Dark Tide,"Jasinska, Alicia",1,1,1,Banned in Libraries,,missing,missing,,
The Dazzling Heights,"McGee, Katharine",1,1,1,Banned in Libraries,,missing,missing,,
The Dead Inside,"Etler, Cyndy Drew",1,1,1,Banned in Libraries and Classrooms,,missing,missing,,
The Dead-Tossed Waves,"Ryan, Carrie",1,1,1,Banned in Libraries,,missing,missing,,
The Deadliest Diseases Then and Now,"Hopkinson, Deborah",1,1,1,Banned Pending Investigation,,missing,missing,,
The Death of Bees,"O'Donnell, Lisa",1,1,1,Banned Pending Investigation,,missing,missing,,
The Devil's Intern,"Hosie, Donna",1,1,1,Banned in Libraries,,missing,missing,,
The Dirt on Mr. Claxton,"Youngblood, Tiffany",1,1,1,Banned in Libraries,,missing,missing,,
The Duel: The Parallel Lives of Alexander Hamilton and Aaron Burr,"St. George, Judith",1,1,1,Banned in Libraries,,missing,missing,,
The Edge,"Smith, Roland",1,1,1,Banned in Libraries,,missing,missing,,
The Epidemic,"Young, Suzanne",1,1,1,Banned in Libraries,,missing,missing,,
The Essential Claude Monet,"Morris, Catherine",1,1,1,Banned Pending Investigation,,missing,missing,,
The Essential Edward Hopper,"Spring, Justin",1,1,1,Banned Pending Investigation,,missing,missing,,
The Essential Henri Matisse,"Schaffner, Ingrid",1,1,1,Banned Pending Investigation,,missing,missing,,
The Essential Hieronymus Bosch,"Campbell, W. John",1,1,1,Banned Pending Investigation,,missing,missing,,
The Essential Johannes Vermeer,"Sweet, Christopher",1,1,1,Banned Pending Investigation,,missing,missing,,
The Essential Mary Cassatt,"Gouveia, Georgette",1,1,1,Banned Pending Investigation,,missing,missing,,
The Essential Michelangelo,"Ottomann, Klaus",1,1,1,Banned Pending Investigation,,missing,missing,,
The Essential Pablo Picasso,"Schaffner, Ingrid",1,1,1,Banned Pending Investigation,,missing,missing,,
The Essential Salvador Dali,"Goff, Robert",1,1,1,Banned Pending Investigation,,missing,missing,,
The Essential Vincent van Gogh,"Schaffner, Ingrid",1,1,1,Banned Pending Investigation,,missing,missing,,
The Eternal Flame,"Barron, T.A.",1,1,1,Banned in Libraries,,missing,missing,,
The Event,"Lemire, Jeff",1,1,1,Banned Pending Investigation,,missing,missing,,
The Exact Opposite of Okay,"Steven, Laura",1,1,1,Banned in Libraries and Classrooms,,missing,missing,,
The Family Book,"Parr, Todd",1,1,1,Banned Pending Investigation,,missing,missing,,
The Fellowship of the Ring,"Tolkien, J.R.R.",1,1,1,Banned in Libraries,,missing,missing,,
The Fire,"Patterson, James",1,1,1,Banned in Libraries,,missing,missing,,
The Fire Never Goes Out: A Memoir in Pictures,"Stevenson, Noelle",1,1,1,Banned Pending Investigation,,missing,missing,,
The Fire Next Time,"Baldwin, James",1,1,1,Banned in Libraries and Classrooms,,missing,missing,,
The Fires of Merlin,"Barron, T.A.",1,1,1,Banned in Libraries,,missing,missing,,
The Fixer,"Barnes, Jennifer Lynn",1,1,1,Banned Pending Investigation,,missing,missing,,
The Forest of Hands and Teeth,"Ryan, Carrie",1,1,1,Banned in Libraries,,missing,missing,,
The Fugitive,"Grisham, John",1,1,1,Banned in Libraries,,missing,missing,,
The Gadgets,"Horowitz, Anthony",1,1,1,Banned in Libraries,,missing,missing,,
The Gender Quest Workbook: A Guide for Teens and Young Adults Exploring Gender Identity,"Testa, Rylan Jay",1,1,1,Banned Pending Investigation,,missing,missing,,
The Gettysburg Address: A Graphic Adaptation,"Hennessey, Jonathan",1,1,1,Banned Pending Investigation,,missing,missing,,
The Gift,"Patterson, James",1,1,1,Banned in Libraries,,missing,missing,,
The Girl Who Fell from the Sky,"Durrow, Heidi W.",1,1,1,Banned in Libraries,,missing,missing,,
The Girls I've Been,"Sharpe, Tess",1,1,1,Banned Pending Investigation,,missing,missing,,
The Giver,"Lowry, Lois",1,1,1,Banned in Libraries,,missing,missing,,
The Giver: Graphic Novel,"Lowry, Lois",1,1,1,Banned Pending Investigation,,missing,missing,,
The Glass Castle,"Walls, Jeannette",1,1,1,Banned Pending Investigation,,missing,missing,,
The God of Small Things,"Roy, Arundhati",1,1,1,Banned Pending Investigation,,missing,missing,,
The Golden Sheep 1,"Ozaki, Kaori",1,1,1,Banned Pending Investigation,,missing,missing,,
The Good Earth (Graphic Adaptation),"Buck, Pearl S.",1,1,1,Banned in Libraries and Classrooms,,missing,missing,,
The Grand Escape: The Greatest Prison Breakout of the 20th Century,"Bascomb, Neal",1,1,1,Banned in Libraries,,missing,missing,,
The Great American Whatever,"Federle, Tim",1,1,1,Banned Pending Investigation,,missing,missing,,
The Great Tree of Avalon: Child of the Dark Prophecy,"Barron, T.A.",1,1,1,Banned in Libraries,,missing,missing,,
The Grief Keeper,"Villasante, Alexandra",1,1,1,Banned Pending Investigation,,missing,missing,,
The Grimm Legacy,"Shulman, Polly",1,1,1,Banned in Libraries,,missing,missing,,
The Handsome Girl & Her Beautiful Boy,"Gottfred, B. T.",1,1,1,Banned in Libraries and Classrooms,,missing,missing,,
The Heart of Betrayal,"Pearson, Mary E.",1,1,1,Banned in Libraries,,missing,missing,,
The Hill,"Bryan, Ali",1,1,1,Banned Pending Investigation,,missing,missing,,
The History of Art,"Hodge, A.N.",1,1,1,Banned Pending Investigation,,missing,missing,,
The History of the Blues,"Koopmans, Andy",1,1,1,Banned Pending Investigation,,missing,missing,,
The History of Western Painting,"Forte, Virginia",1,1,1,Banned Pending Investigation,,missing,missing,,
The History of Western Sculpture,"Osier, Peter",1,1,1,Banned Pending Investigation,,missing,missing,,
The Hobbit,"Tolkien, J.R.R.",1,1,1,Banned in Libraries,,missing,missing,,
The House of the Spirits,"Allende, Isabel",1,1,1,Banned Pending Investigation,,missing,missing,,
The Human Body in Action,"Gallavotti, Barbara",1,1,1,Banned in Libraries and Classrooms,,missing,missing,,
The Hunting Accident: A True Story of Crime and Poetry,"Carlson, David L.",1,1,1,Banned Pending Investigation,,missing,missing,,
The Immortalists,"Benjamin, Chloe",1,1,1,Banned in Libraries and Classrooms,,missing,missing,,
The Invisible Life of Addie LaRue,"Schwab, V. E.",1,1,1,Banned Pending Investigation,,missing,missing,,
The Invisible War: A Tale on Two Scales,"Wild, Ailsa",1,1,1,Banned Pending Investigation,,missing,missing,,
The Kingdom of Little Wounds,"Cokal, Susann",1,1,1,Banned Pending Investigation,,missing,missing,,
The Kiss,"Patterson, James",1,1,1,Banned in Libraries,,missing,missing,,
The Kiss of Deception,"Pearson, Mary E.",1,1,1,Banned Pending Investigation,,missing,missing,,
The Last Halloween: Children,"Howard, Abby",1,1,1,Banned Pending Investigation,,missing,missing,,
The League of Super Feminists,"Malle, Mirion",1,1,1,Banned Pending Investigation,,missing,missing,,
The Life and Art of Paul Gauguin,"Roddam, George",1,1,1,Banned Pending Investigation,,missing,missing,,
The Line,"Hall, Teri",1,1,1,Banned in Libraries,,missing,missing,,
The Lost,"Patterson, James",1,1,1,Banned in Libraries,,missing,missing,,
The Lost Years of Merlin,"Barron, T.A.",1,1,1,Banned in Libraries,,missing,missing,,
"The Low, Low Woods","Machado, Carmen Maria",1,1,1,Banned Pending Investigation,,missing,missing,,
The Mark,"Nadol, Jen",1,1,1,Banned in Libraries,,missing,missing,,
The Melancholy of Haruhi Suzumiya,"Tanigawa, Nagaru",1,1,1,Banned in Libraries,,missing,missing,,
The Midnight Lie,"Rutkoski, Marie",1,1,1,Banned in Libraries and Classrooms,,missing,missing,,
The Mirror of Merlin,"Barron, T.A.",1,1,1,Banned in Libraries,,missing,missing,,
The Misfits,"Howe, James",1,1,1,Banned Pending Investigation,,missing,missing,,
The Music of What Happens,"Konigsberg, Bill",1,1,1,Banned Pending Investigation,,missing,missing,,
The Mythics #1: Heroes Reborn,"Ogaki, Philippe",1,1,1,Banned Pending Investigation,,missing,missing,,
The November Criminals,"Munson, Sam",1,1,1,Banned in Libraries and Classrooms,,missing,missing,,
The Ocean at the End of the Lane,"Gaiman, Neil",1,1,1,Banned Pending Investigation,,missing,missing,,
The Pacific Giants,"Flitcroft, Jean",1,1,1,Banned in Libraries,,missing,missing,,
The Pants Project,"Clarke, Cat",1,1,1,Banned in Libraries,,missing,missing,,
The Phantom Twin,"Brown, Lisa",1,1,1,Banned in Libraries,,missing,missing,,
The Pride Guide: A Guide to Sexual and Social Health for LGBTQ Youth,"Langford, Jo",1,1,1,Banned in Libraries and Classrooms,,missing,missing,,
The Program,"Young, Suzanne",1,1,1,Banned in Libraries,,missing,missing,,
The Remedy,"Young, Suzanne",1,1,1,Banned in Libraries,,missing,missing,,
The Renaissance,"Fitzpatrick, Anne",1,1,1,Banned Pending Investigation,,missing,missing,,
The Return of the King,"Tolkien, J.R.R.",1,1,1,Banned in Libraries,,missing,missing,,
The Rise and Fall of Charles Lindbergh,"Fleming, Candace",1,1,1,Banned in Libraries,,missing,missing,,
The River,"Paulsen, Gary",1,1,1,Banned in Libraries,,missing,missing,,
The Scandal,"Grisham, John",1,1,1,Banned in Libraries,,missing,missing,,
The Seven Songs of Merlin,"Barron, T.A.",1,1,1,Banned in Libraries,,missing,missing,,
The Sigh of Haruhi Suzumiya,"Tanigawa, Nagaru",1,1,1,Banned in Libraries,,missing,missing,,
The Storm in the Barn,"Phelan, Matt",1,1,1,Banned Pending Investigation,,missing,missing,,
The Stranger: The Graphic Novel,"Camus, Albert",1,1,1,Banned in Libraries and Classrooms,,missing,missing,,
The Tale of a Body Thief,"Rice, Anne",1,1,1,Banned in Libraries and Classrooms,,missing,missing,,
"The Talk: Conversations about Race, Love and Truth","Hudson, Wade",1,1,1,Banned Pending Investigation,,missing,missing,,
"The Teenage Guy's Survival Guide: The Real Deal on Going Out, Growing Up, and Other Guy Stuff","Daldry, Jeremy",1,1,1,Banned Pending Investigation,,missing,missing,,
The Test,"Kern, Peggy",1,1,1,Banned Pending Investigation,,missing,missing,,
The Thousandth Floor,"McGee, Katharine",1,1,1,Banned in Libraries,,missing,missing,,
The Towering Sky,"McGee, Katharine",1,1,1,Banned in Libraries,,missing,missing,,
The Treatment,"Young, Suzanne",1,1,1,Banned in Libraries,,missing,missing,,
The Two Towers,"Tolkien, J.R.R.",1,1,1,Banned in Libraries and Classrooms,,missing,missing,,
The Van Alen Legacy,"de la Cruz, Melissa",1,1,1,Banned in Libraries,,missing,missing,,
"The Walking Dead, Vol. 11: Fear the Hunters","Kirkman, Robert",1,1,1,Banned in Libraries,,missing,missing,,
"The Walking Dead, Vol. 4: The Heart's Desire","Kirkman, Robert",1,1,1,Banned in Libraries,,missing,missing,,
"The Walking Dead, Vol. 7: The Calm Before","Kirkman, Robert",1,1,1,Banned in Libraries,,missing,missing,,
"The Walking Dead, Vol. 8: Made to Suffer","Kirkman, Robert",1,1,1,Banned in Libraries,,missing,missing,,
"The Walking Dead: A Continuing Story of Survival Horror, Book 1","Kirkman, Robert",1,1,1,Banned Pending Investigation,,missing,missing,,
"The Walking Dead: A Continuing Story of Survival Horror, Book 10","Kirkman, Robert",1,1,1,Banned Pending Investigation,,missing,missing,,
"The Walking Dead: A Continuing Story of Survival Horror, Book 13","Kirkman, Robert",1,1,1,Banned Pending Investigation,,missing,missing,,
"The Walking Dead: A Continuing Story of Survival Horror, Book 15","Kirkman, Robert",1,1,1,Banned Pending Investigation,,missing,missing,,
"The Walking Dead: A Continuing Story of Survival Horror, Book 16","Kirkman, Robert",1,1,1,Banned Pending Investigation,,missing,missing,,
"The Walking Dead: A Continuing Story of Survival Horror, Book 2","Kirkman, Robert",1,1,1,Banned Pending Investigation,,missing,missing,,
"The Walking Dead: A Continuing Story of Survival Horror, Book 3","Kirkman, Robert",1,1,1,Banned Pending Investigation,,missing,missing,,
"The Walking Dead: A Continuing Story of Survival Horror, Book 4","etler, Cyndy Drew",1,1,1,Banned Pending Investigation,,missing,missing,,
"The Walking Dead: A Continuing Story of Survival Horror, Book 6","Kirkman, Robert",1,1,1,Banned Pending Investigation,,missing,missing,,
"The Walking Dead: A Continuing Story of Survival Horror, Book 7","Kirkman, Robert",1,1,1,Banned Pending Investigation,,missing,missing,,
"The Walking Dead: A Continuing Story of Survival Horror, Book 8","Kirkman, Robert",1,1,1,Banned Pending Investigation,,missing,missing,,
"The Walking Dead: A Continuing Story of Survival Horror, Book 9","Kirkman, Robert",1,1,1,Banned Pending Investigation,,missing,missing,,
The Wings of Merlin,"Barron, T.A.",1,1,1,Banned in Libraries,,missing,missing,,
The Year of the Flood,"Atwood, Margaret",1,1,1,Banned Pending Investigation,,missing,missing,,
The Yellow Birds,"Powers, Kevin",1,1,1,Banned Pending Investigation,,missing,missing,,
There's No Place Like Home,"Calonita, Jen",1,1,1,Banned in Libraries,,missing,missing,,
They Called Themselves The K.K.K.: The Birth of an American Terrorist Group,"Bartoletti, Susan Campbell",1,1,1,Banned Pending Investigation,,missing,missing,,
This Day in June,"Pitman, Gayle E.",1,1,1,Banned Pending Investigation,,missing,missing,,
Those That Wake,"Karp, Jesse",1,1,1,Banned in Libraries,,missing,missing,,
Timescape,"Liparulo, Robert",1,1,1,Banned Pending Investigation,,missing,missing,,
To Kill a Mockingbird,"Lee, Harper",1,1,1,Banned Pending Investigation,,missing,missing,,
Too Bright to See,"Lukoff, Kyle",1,1,1,Banned in Libraries,,missing,missing,,
Toulouse-Lautrec: At the Moulin Rouge,"Zeri, Federico",1,1,1,Banned Pending Investigation,,missing,missing,,
"Trans Bodies, Trans Selves: A Resource By and for Transgender Communities","Erickson-Schroth, Laura",1,1,1,Banned Pending Investigation,,missing,missing,,
"Transgender Lives: Complex Stories, Complex Voice","Cronn-Mills, Kirstin",1,1,1,Banned Pending Investigation,,missing,missing,,
"Troublemaker for Justice: The Story of Bayard Rustin, the Man Behind the March on Washington","Houtman, Jacqueline",1,1,1,Banned in Libraries,,missing,missing,,
ttfn,"Myracle, Lauren",1,1,1,Banned in Libraries,,missing,missing,,
Turtles All the Way Down,"Green, John",1,1,1,Banned in Libraries,,missing,missing,,
Ugly Love,"Hoover, Colleen",1,1,1,Banned in Libraries and Classrooms,,missing,missing,,
Ultimate Magic,"Barron, T.A.",1,1,1,Banned in Libraries,,missing,missing,,
Unbecoming: A Memoir of Disobedience,"Bhagwati, Anuradha",1,1,1,Banned in Libraries and Classrooms,,missing,missing,,
Verity,"Hoover, Colleen",1,1,1,Banned in Libraries and Classrooms,,missing,missing,,
Vermeer: The Astronomer,"Zeri, Federico",1,1,1,Banned Pending Investigation,,missing,missing,,
Victoria and the Rogue,"Cabot, Meg",1,1,1,Banned in Libraries and Classrooms,,missing,missing,,
Violet and Daisy: The Story of Vaudeville's Famous Conjoined Twins,"Miller, Sarah",1,1,1,Banned Pending Investigation,,missing,missing,,
Walk Two Moons,"Creech, Sharon",1,1,1,Banned in Libraries,,missing,missing,,
War Storm,"Aveyard, Victoria",1,1,1,Banned in Libraries,,missing,missing,,
Watch Over Me,"LaCour, Nina",1,1,1,Banned in Libraries,,missing,missing,,
Watcher in the Woods: A Rockton Novel,"Armstrong, Kelley",1,1,1,Banned Pending Investigation,,missing,missing,,
Wayward Son,"Rowell, Rainbow",1,1,1,Banned Pending Investigation,,missing,missing,,
We Are Not Your Equal: Understanding Our Racial Divide,"Anderson, Carol",1,1,1,Banned Pending Investigation,,missing,missing,,
We Are Okay,"LaCour, Nina",1,1,1,Banned in Libraries and Classrooms,,missing,missing,,
We Can't Be Friends: A True Story,"Etler, Cyndy Drew",1,1,1,Banned in Libraries and Classrooms,,missing,missing,,
We March,"Evans, Shane W.",1,1,1,Banned Pending Investigation,,missing,missing,,
We'll Always Have Summer,"Han, Jenny",1,1,1,Banned in Libraries,,missing,missing,,
What Goes Around,"Millner, Denene",1,1,1,Banned in Libraries and Classrooms,,missing,missing,,
What Riley Wore,"Arnold, Elana K.",1,1,1,Banned in Libraries and Classrooms,,missing,missing,,
What to Do When I'm Gone: A Mother's Wisdom to Her Daughter,"Hopkins, Suzy",1,1,1,Banned Pending Investigation,,missing,missing,,
What We Saw,"Hartzler, Aaron",1,1,1,Banned in Libraries and Classrooms,,missing,missing,,
When Wilma Rudolph Played Basketball,"Weakland, Mark",1,1,1,Banned Pending Investigation,,missing,missing,,
"Will Grayson, Will Grayson","Green, John",1,1,1,Banned Pending Investigation,,missing,missing,,
Willful Machines,"Floreen, Tim",1,1,1,Banned Pending Investigation,,missing,missing,,
Wintergirls,"Anderson, Laurie Halse",1,1,1,Banned Pending Investigation,,missing,missing,,
Wintersong,"Jae-Jones, S.",1,1,1,Banned in Libraries,,missing,missing,,
Witch and Wizard,"Patterson, James",1,1,1,Banned in Libraries,,missing,missing,,
Woke: A Young Poets Call to Justice,"Browne, Mahogany L.",1,1,1,Banned Pending Investigation,,missing,missing,,
Woman World,"Dhaliwal, Aminder",1,1,1,Banned Pending Investigation,,missing,missing,,
Women,"Leibovitz, Annie",1,1,1,Banned in Libraries and Classrooms,,missing,missing,,
Wraith,"Hill, Joe",1,1,1,Banned Pending Investigation,,missing,missing,,
Writing and Illustrating the Graphic Novel: Everything You Need to Know to Create Great Graphic Works,"Chinn, Mike",1,1,1,Banned Pending Investigation,,missing,missing,,
Written in Bone: Buried Lives of Jamestown and Colonial Maryland,"Walker, Sally M.",1,1,1,Banned in Libraries,,missing,missing,,
X-Men: Age of X,"Carey, Mike",1,1,1,Banned Pending Investigation,,missing,missing,,
yolo,"Myracle, Lauren",1,1,1,Banned Pending Investigation,,missing,missing,,
You Killed Wesley Payne,"Beaudoin, Sean",1,1,1,Banned in Libraries,,missing,missing,,
Zombies Don't Cry,"Fischer, Rusty",1,1,1,Banned in Libraries,,missing,missing,,
